text,actual_hs4,predicted_hs4,top1_correct,top3_predictions,confidence
a 25 piece hss mini drill bit set and an 11 piece magnetic driver set,8207,8505,False,8505 | 8205 | 8467,24.68
"a woman's cardigan made of 70% acrylic and 30% wool, featuring a full front opening with no closure, a shawl collar, two patch pockets below the waist, long sleeves with cuffs, shoulder pads, and extending to the thigh area",6110,6102,False,6102 | 6110 | 3926,64.06
plastic bottles and caps made of polyethylene from china,3924,3923,False,3923 | 3926 | 3920,71.23
mitsui seiki jidic vertical spindle and horizontal spindle jig borers,8466,8467,False,8467 | 8205 | 8465,16.63
an inner tube assembly for a needle assembly of an endoscope,9002,9018,False,9018 | 9002 | 3917,51.53
"metallized, coated polyethylene terephthalate (pet) film",3926,3920,False,3920 | 3921 | 3917,80.36
wood spade bit sets and lock installation kit,8205,8207,False,8207 | 8205 | 8211,39.94
a conductor fitted with connectors used in civil aircraft,7308,9403,False,9403 | 8536 | 3926,13.65
plastic bear bottles filled with scented lotion,3926,3923,False,3923 | 3924 | 7311,32.39
"gas spring, latch assembly, striker, and cable components of a door module used in motor vehicles",8302,8481,False,8481 | 8501 | 8708,8.92
natuphos 5000g phytase granular formulation and natuphos 10000g phytase granular formulation,3507,2933,False,2933 | 3507 | 3402,16.8
a pellet scanning system used for quality control of plastic pellets,9031,3926,False,3926 | 8481 | 3913,10.51
"a hot roller set composed of five jumbo rollers and super comb-clips, packaged in a micro fibre carrying bag",8516,3926,False,3926 | 8482 | 8516,6.88
disney high school musical locker gear assortment sets,3506,9023,False,9023 | 3506 | 7326,7.05
melamine (cas 108-78-1) used as a pharmaceutical intermediate,2933,2902,False,2902 | 2916 | 3924,28.32
a multi-spectral imager used for inspecting high-voltage electrical defects,9027,9031,False,9031 | 9030 | 8536,19.93
"children's sleepwear consisting of a loosely-fitted, wide-legged pair of trousers and a t-shirt or pullover, made of 100% polyester",6113,6107,False,6107 | 3926 | 6112,8.45
powerheads used in gardening tools,8407,8201,False,8201 | 8481 | 8466,56.78
various gear reduction equipment and pneumatic actuators,8483,8412,False,8412 | 8481 | 9018,18.33
an infant garment set consisting of a tank top and shorts made of knit cotton fabric for boys,6103,6111,False,6111 | 6109 | 6103,71.62
decorative printed polyvinyl chloride (pvc) film used in laminated flooring,3920,3921,False,3921 | 3920 | 3918,34.29
"a multifunctional 3-speed portable fan that is a hand truck with a steel chassis/base, featuring a 125-watt fan, 1200 lumen light, multiple power and usb plugs, and designed primarily for use at job sites by tradesmen",8716,8414,False,8414 | 8504 | 8465,51.29
a battery operated led safety light designed for bicycles,8531,8512,False,8512 | 8481 | 3922,42.11
"a personal protection essentials kit containing an lcd digital thermometer, three protective cloth face masks, four disposable pairs of nitrile gloves, two bottles of gel hand sanitizers, a pack of alcohol wet wipes, and two poly bags for disposal of the gloves",9025,3926,False,3926 | 3923 | 9020,26.69
various garments used for hunting with an outer shell composed of a knit pile fabric laminated to a goretex membrane,6104,3921,False,3921 | 6110 | 6104,31.72
aromatic lactones used as color formers for thermal and carbonless paper coatings,2932,3204,False,3204 | 3824 | 3926,36.95
a single lined telephone identified as slim white phone (item #951783),8517,8518,False,8518 | 8517 | 9030,32.34
peel heat seals used to seal polypropylene and polyethylene plates,3921,3920,False,3920 | 3923 | 4008,55.25
acetanilide (n-phenylacetamide),2924,2930,False,2930 | 2924 | 2915,10.17
"a fiber optic gyroscopic compass designed for indicating the roll, pitch, heave, surge, sway, and heading of boats and other sea-going vessels",9014,9018,False,9018 | 9027 | 3926,17.03
cnc wire cut edm,8465,8461,False,8461 | 8465 | 7317,25.8
polyethylene terephthalate (pet) pellets and pet bottle preforms,3907,3923,False,3923 | 3920 | 3907,49.87
neorest air bath,9019,8481,False,8481 | 8414 | 9401,19.27
assorted vending machine products including miniature toys and a bone china mug and saucer set,8479,8476,False,8476 | 8424 | 9023,26.19
brides made wedding day essentials kit,3506,3926,False,3926 | 8481 | 6114,4.87
"a 7-piece tool kit with 10 pieces of fasteners including a claw hammer, measuring tape, plastic cutter, long nose pliers, screwdrivers, and fasteners",8207,8206,False,8206 | 8211 | 8205,68.9
semi-finished optical measuring and checking instruments,9031,9027,False,9027 | 9015 | 9031,19.35
flexible intermediate bulk container components used in the kaolin clay industry,3925,3923,False,3923 | 3917 | 8207,13.43
a hands-free toothpaste dispenser that uses a vacuum pump to dispense toothpaste,8413,8414,False,8414 | 8481 | 8413,16.51
"aluminum stacker jacks used to stabilize mobile homes, campers, and r.v.'s",8425,8479,False,8479 | 8425 | 7616,15.0
"a ground terminal, plate terminal, and choke coil assembly used in a fuel pump electric motor circuit",8503,8536,False,8536 | 8413 | 8538,27.96
"dinonyl phenol, dimethyl maleate, and diethyl maleate",2907,2917,False,2917 | 2930 | 2911,23.73
a 100% polyethylene open-work warp knit fabric and a polyethylene extruded mesh used in agriculture to protect grape crops from damage by birds,3920,3926,False,3926 | 3923 | 3921,45.1
battery powered smoke detectors with ionization chambers,9022,8531,False,8531 | 8424 | 9031,23.96
"adaptor connectors made of nickel-plated brass, including push-in fittings and quick release adaptor connectors",8482,8536,False,8536 | 8481 | 7307,21.87
"a female hospital admission kit containing a plastic tumbler, pitcher, bedpan, emesis basin, tray, and wash basin",3922,3926,False,3926 | 9018 | 3924,47.82
color precursors used in heat-sensitive recording paper and pressure-sensitive carbonless paper,3204,3919,False,3919 | 4821 | 3204,53.39
polystyrene beads containing iron oxide salt used for antibody attachment in laboratory research,3903,2933,False,2933 | 3903 | 8479,15.83
"an outdoor survival kit containing a penknife, flint and steel, rope, safety pins, a wire saw, tweezers, and a compass, packaged in a steel tin",8203,7322,False,7322 | 8205 | 8203,33.74
fluid couplings with shut-off mechanisms used with flexible tubing,8481,3917,False,3917 | 8466 | 8481,14.31
keychains with decorative attachments,7326,7315,False,7315 | 3926 | 6110,59.44
a dialysate warmer and associated tubing sets designed for hemodialysis treatments,8543,3917,False,3917 | 7321 | 9018,23.93
e-series ultrasonic meters used to measure the flow of liquids in various applications,9026,8481,False,8481 | 9026 | 9031,24.72
a portable usb keyboard handheld vacuum that plugs directly into a computer's usb port and is intended to keep the computer and keyboard free of dust and dirt,8508,8471,False,8471 | 8473 | 8508,30.1
a polyethylene sheet used as a setup cover in hospitals,3920,3921,False,3921 | 3920 | 3923,30.14
garment bags used for storing and maintaining the cleanliness of women's dresses,3924,3923,False,3923 | 6104 | 4202,37.17
injection-molded plastic closure assemblies intended for use with handheld spraying appliances,8424,3926,False,3926 | 3917 | 3923,9.17
a ceiling fan with an integrated heating module and light fixture,8516,8414,False,8414 | 8516 | 8517,52.46
an air start distributor for marine propulsion diesel engines,8481,8409,False,8409 | 8481 | 8412,19.47
a golf ball dispenser used at driving ranges,8476,8482,False,8482 | 8205 | 8481,15.45
decanoic acid (capric acid),2915,2916,False,2916 | 2915 | 2930,25.09
an imitation leather fabric used in upholstery made from 100% polyester fibers and laminated with a compact polyurethane plastic,5903,3921,False,3921 | 5903 | 3926,81.65
"various chimney system parts including an elbow, chimney pipe section, chimney cap, storm collar, and flashing",7307,3917,False,3917 | 7307 | 8207,4.18
"fiberglass reinforced plastic underground storage tanks designed for the underground storage of water, ranging in size from 600 gallons to 50,000 gallons",3925,7309,False,7309 | 7311 | 8481,26.79
"women's garments made from finely knit fabrics composed of 70% acrylic and 30% wool, including a dress with a round stand-up collar and a cardigan with a v-neck",6104,6110,False,6110 | 6105 | 6113,70.22
a dynamo assembly that is part of an electronic lavatory sensor faucet,8481,8479,False,8479 | 9026 | 8481,23.99
"automotive parts including control assembly a/c blower motor, bracket & processor assembly injector control, and receiver assembly",3505,8481,False,8481 | 8538 | 8414,41.85
a radar-based distronic adaptive cruise control unit,8526,9032,False,9032 | 9015 | 8526,25.6
an aluminum soap dish shaped like a fish,7615,7323,False,7323 | 8205 | 8518,16.93
an unground thrust ring assembly used in downhole positive displacement motors,8482,7407,False,7407 | 8501 | 8412,17.87
a large road hazard kit containing various safety and medical items,8211,8536,False,8536 | 7318 | 3923,27.7
"a sleeveless vest made from fleece fabric, characterized by a hood, full-front zippered opening, rib-knitted waistband and armhole edges, and open pockets at the lower portion of the front, sized for infants and boys",6112,6111,False,6111 | 6101 | 6110,53.44
a cnc vertical turning machine and multistation transfer machines for working metal,8461,8458,False,8458 | 8466 | 8461,24.45
a 3-speed wire wound ceramic resistor with a thermal fuse used in automotive cooling fan assemblies,8533,8414,False,8414 | 8536 | 8533,55.51
4-(trifluoromethyl)benzene-1-sulfonyl bromide (cas # 1694090-08-8),2904,2930,False,2930 | 2903 | 2929,29.09
"a child's sweater made of 50% cotton and 50% acrylic, featuring a full frontal opening with a button closure, a shirt-style collar, two front pockets, long sleeves with elasticized cuffs, and a hemmed bottom with a drawstring tightening",6111,6110,False,6110 | 6102 | 3926,63.94
a 10 piece template guide set designed for use with hand-held routers,8466,8467,False,8467 | 8207 | 8466,13.56
"a woman's cardigan made from 70% acrylic, 29% wool, and 1% nylon, featuring a full front opening, one button snap closure, turned down rounded collar, long sleeves, and extending from the shoulders to the hips",6110,6102,False,6102 | 6110 | 3926,68.78
"a girl's bralette, constructed of 95% cotton and 5% spandex knit fabric, featuring a v-front neckline, adjustable elastic shoulder straps, elasticized edging, and an adjustable hook and eye closure in the back",6212,6108,False,6108 | 6212 | 6106,28.28
silage bags made of polyethylene plastic sheeting used for storage of feed products,3917,3923,False,3923 | 3920 | 3917,49.82
"fantuzzi reachstackers, mobile self-propelled machines used for loading and unloading shipping containers in transportation terminals",8426,8428,False,8428 | 8479 | 8426,48.49
ductile iron alloy castings used in plastic injection molding machines,8477,7307,False,7307 | 8477 | 8480,37.6
"a multi-function electromechanical tool used for polishing, deburring, and sculpting of various materials, including a motor, speed controller, flexible shaft, rotary handpiece, reciprocating handpiece, and a combination pin and wrench",8205,8204,False,8204 | 8466 | 8205,29.11
"outdoor accessory kits that include flashlights, knives, multi-tools, and batteries",8215,8211,False,8211 | 8207 | 9018,50.76
a brush grubber bg-18 heavy duty root buster,8201,8479,False,8479 | 8201 | 9018,37.98
sealing tapes used as substitutes for caulk,3919,3926,False,3926 | 3921 | 3923,34.32
"a coil assembly, a stator winding assembly, a cluster assembly, and a transformer assembly used in sensors",8504,8518,False,8518 | 8511 | 8504,18.63
langmuir-blodgett troughs,8479,8481,False,8481 | 3926 | 8479,3.13
single-use electronic components for a therapy delivery system that generates a low pulsed electromagnetic field (pemf) for treating postoperative pain and edema,8543,9018,False,9018 | 8543 | 3926,64.44
decorative trim made of plastic film with patterns and beads,3926,3920,False,3920 | 3926 | 7323,33.77
a hollow shaft used in garage door lifting mechanisms,8412,8425,False,8425 | 9401 | 8481,20.28
a superlok union from south korea,7307,8512,False,8512 | 7317 | 7307,11.01
a turbine housing used in turbochargers for diesel engines,8414,8409,False,8409 | 8413 | 8414,29.97
"various bicycle parts including derailleur sets, cotterless crank sets, pedals with toe clips and straps, reflectors, and roller type chain",7318,7315,False,7315 | 3506 | 8481,7.02
desiccant dehumidifiers employing desiccant rotor technology,8479,8509,False,8509 | 8479 | 9023,16.21
epic party wireless speaker and lit party wireless speaker,8527,8518,False,8518 | 8519 | 3923,28.49
"a toddler playmat made of pvc foam plastic, designed for cushioning and noise reduction, with decorative animation characters",3924,4911,False,4911 | 3926 | 3921,33.27
top drive system and casing drive system used in petroleum drilling rigs,8431,8501,False,8501 | 7308 | 9018,14.31
blow torches,8205,8477,False,8477 | 8205 | 3918,18.46
a seismic monitoring system designed for use in industrial complexes to monitor earthquakes,9015,9027,False,9027 | 9025 | 9026,20.64
a 32 channel hart multiplexer,8538,9029,False,9029 | 9032 | 2933,7.39
"a valentine's kit consisting of large foamed plastic hearts and smaller self-adhesive plastic hearts, and a smart foam faith 3-in-1 stickers sheets letters kit made of foamed ethylene vinyl acetate (eva) plastic",3926,3919,False,3919 | 3926 | 3921,69.12
a cold rolling wire reduction system,8463,8455,False,8455 | 9018 | 8479,26.11
a kiosk reverse vending machine that buys back used cell phones from customers and pays them cash,8470,8476,False,8476 | 8479 | 3926,53.49
dx lenses for digital cameras,9002,9001,False,9001 | 8525 | 9006,36.2
a femtocell,8517,3913,False,3913 | 8517 | 3921,5.72
"production equipment used in the manufacture of automotive disc brake pads, including a preform press, a hot forming press, and dies",8479,8481,False,8481 | 8207 | 8479,22.91
a crocheted tank top for girls made of 100% cotton,6110,6109,False,6109 | 6112 | 6106,51.12
"an agricultural/horticultural irrigation system part, specifically a ground sprinkler",8424,8483,False,8483 | 8481 | 8205,8.48
"an ultimate maple syrup tapping kit containing abs plastic elbow fittings, ldpe tubing, polyester filters, recipe cards, and an instruction card",3917,8207,False,8207 | 3917 | 3926,48.23
"a diaphragm assembly, dial thermometer, and a brass hairspring",9026,9025,False,9025 | 8481 | 8424,29.07
"high tech goods including automatic data processing machines, digital processing units, input/output units, and storage units of chinese origin being imported into the united states from mexico",8477,8471,False,8471 | 8473 | 8504,39.44
a hydraulic motorcycle lift stand used to raise small motorcycles for maintenance or repairs,8428,8412,False,8412 | 8425 | 8428,30.35
"assorted laboratory ware including robotic pipetting tips, pcr strips, deep well plates, screw cap tubes, ep tubes, and reagent bottles",3926,8479,False,8479 | 3926 | 3923,24.25
a cateye model cc-6000 cyclocomputer,9029,8471,False,8471 | 8543 | 8407,5.95
"girls and infants pullovers made of 100% cotton, featuring a square neckline, shoulder straps, and an empire waist",6110,6111,False,6111 | 6110 | 4202,37.25
a welded tube mill,8462,7306,False,7306 | 8515 | 8455,44.18
4-methoxy benzyl alcohol (cas # 105-13-5),2909,2906,False,2906 | 2909 | 2930,65.81
range and stove parts,8519,7321,False,7321 | 7306 | 8516,68.45
"a sleeveless garment for girls made from finely knitted, pile fabric of 100% cotton, characterized by a full-front zippered opening, a hood, and a rib-knitted waistband",6110,6106,False,6106 | 6110 | 6101,28.7
an instrument for measuring the average fiber diameter of wool staples,9031,9027,False,9027 | 9029 | 9015,52.36
a cast cover designed to keep the toes warm and protect the cast from dirt and grime,9021,3926,False,3926 | 7323 | 8481,18.1
"ladies' knitted jogging suits, styles b9003 and b9004, made from fleece fabric of 85% polyester and 15% cotton",6113,6112,False,6112 | 6111 | 5903,70.42
cast iron parts used in gear finishing and cutting machines,8466,7323,False,7323 | 8474 | 8461,17.7
"a garden tool set that includes a trowel, transplanter, digger/weeder, cultivator, bypass pruner, shears, a rubber knee pad, various hose connectors, and twisty ties, all fitted into a molded plastic case",8201,8207,False,8207 | 8201 | 3917,44.08
uninterruptible power supplies used for local area networks (lans),8514,8504,False,8504 | 8543 | 3926,73.4
"a deluxe hanging traveler containing various personal care items including an alarm clock, key ring, soap dish, body sponge, hairbrush, comb, nail brush, nail clipper, tweezer, nail files, manicure sticks, and a travel case",8203,8205,False,8205 | 8203 | 7323,28.06
"a seating unit designed to be a form of outdoor furniture, accommodating one to three persons, with features such as foot rests, neck supports, sun visors, foldout trays, and rollers for easy maneuvering, made of pvc wickerwork or natural rattan",9401,3926,False,3926 | 9401 | 9403,10.07
polypropylene strip used as string,3925,3920,False,3920 | 3916 | 3921,73.3
"pinanediol, a cyclanic alcohol used as a pharmaceutical intermediate",2906,2905,False,2905 | 2906 | 2909,55.32
"a variable resistor potentiometer/switch, variable resistor potentiometers without switches, and a screw",8536,8533,False,8533 | 8536 | 8409,19.21
a photosensitive dye used in polymer cleaning solutions for thermal printing plates,3204,8442,False,8442 | 3204 | 3906,28.55
flanges used in the manufacture of an exhaust gas recirculation (egr) system,8409,7307,False,7307 | 3921 | 8409,16.73
power distribution units (pdus) with remote switching capabilities and electrical monitoring features,8537,8504,False,8504 | 8536 | 8424,22.32
2-ethylhexyl acrylate (2eha),2918,2916,False,2916 | 3906 | 3920,60.92
lsi nytro warpdrive application acceleration cards,8471,4911,False,4911 | 9020 | 8481,11.24
proact actuator product line from china,8481,8412,False,8412 | 8501 | 3926,33.82
advantapea essential 80 and advantarice premier 300,3504,2933,False,2933 | 3926 | 8441,3.95
"copper components of a rain gutter system, specifically a reducer, extension joint, collector, round end, and vent cap",7412,9015,False,9015 | 3926 | 7308,15.33
a 15 piece camping set containing various camping tools and accessories,8201,8207,False,8207 | 8205 | 8201,32.19
rheopearl-dextrin fatty acid (cas no. 83271-10-7),3505,2930,False,2930 | 2916 | 2915,18.5
pacing leads used in pacemakers,9021,9018,False,9018 | 8481 | 7326,5.76
"a noncellular plastic sheet composed of a blend of polyvinyl chloride, acrylonitrile butadiene styrene, ethylene vinyl acetate, and polyurethane, used for interior parts of automobiles",3920,3921,False,3921 | 3926 | 3920,61.11
steel pipe spools used in heat recovery steam generators,7304,8402,False,8402 | 7304 | 9031,45.8
a lighted pick up tool and mirror,8505,7009,False,7009 | 8205 | 9018,23.6
a priority zoning circulator printed circuit board,8537,8534,False,8534 | 8538 | 8529,50.02
a rubber acoustic membrane used in the installation of ceramic tile floors,4003,3921,False,3921 | 4016 | 8466,6.37
a hot water dispenser system that includes a storage tank and a faucet,8516,8481,False,8481 | 8516 | 8471,42.57
cable assemblies used in automotive applications and surgical devices,9401,9018,False,9018 | 3917 | 9021,6.33
"a roll of polyethylene film that is formed into a continuous sleeve or lay-flat tube, printed with designs, and used to manufacture bags for dental offices",3917,3923,False,3923 | 3917 | 8479,12.75
metal cans and can ends (lids and bases) from japan,7312,7323,False,7323 | 3923 | 3402,11.74
a grease fitting designed for machinery lubrication,8487,8479,False,8479 | 3402 | 8487,43.13
commander 4600 hp modular drawworks,8425,8443,False,8443 | 8481 | 8517,12.47
"a barcode scanning system that includes a scanner, data access point, charging station, and a glove for data input into warehouse management systems",8471,8517,False,8517 | 8473 | 8471,25.66
a siren amplifier board that is part of a siren system,8531,8518,False,8518 | 8479 | 9021,13.33
chain and guide tracks for curtains,8302,7315,False,7315 | 3924 | 9031,52.64
cap guard chain link posts used in fencing systems,7306,7315,False,7315 | 7326 | 8481,35.16
super swimmer masks,9004,6112,False,6112 | 3924 | 8205,7.01
a mason jar with chalk,7013,8470,False,8470 | 8481 | 6110,21.58
"rectangular shaped tri-laminate plastic sheets made of high impact polystyrene, used to manufacture irrigation trays",3920,3921,False,3921 | 3920 | 3923,32.43
"cordless tool sets including a drill/driver, circular saw, reciprocating saw, and laser level",9031,8467,False,8467 | 9031 | 8465,58.71
electronic bulk coin counters and cash counters that can count coins and banknotes,8423,9029,False,9029 | 8470 | 8423,35.32
self-adhesive polyether foam sheet,3926,3919,False,3919 | 3921 | 3926,68.36
"a how to train your dragon dragon training 101 set that includes pencils, a pen, a memo pad, a magnet sheet, a tape dispenser, erasers, and a child's novelty handbag",3923,4202,False,4202 | 9023 | 3506,56.43
a slimwave borehole acquisition system,9015,9018,False,9018 | 9030 | 9015,28.11
a candy sports bottle that is shaped like a rollerblade and contains hard sugar-based candy,3926,3923,False,3923 | 3924 | 8205,12.15
a concrete heating system used to warm stored concrete aggregate in winter,7322,8480,False,8480 | 8516 | 8474,39.94
a feedback transmitter assembly used in a ship's propulsion system,8543,8412,False,8412 | 8525 | 9018,13.96
"a multi-function electromechanical tool used for polishing, deburring, and sculpting, which includes a motor with a speed controller, a flexible shaft, a rotary handpiece, a reciprocating handpiece, and a combination pin and wrench",8512,8204,False,8204 | 8466 | 8205,28.31
"axes assembled in canada from components manufactured in the u.s.a., china, and taiwan",8201,8410,False,8410 | 8201 | 8482,21.52
"a 10-piece deluxe all purpose tool kit containing a wrench, slip joint pliers, hammer, five screwdrivers with an adjustable handle, and a separate screwdriver, all made of steel and contained in a zippered vinyl case",8206,8205,False,8205 | 8206 | 8211,37.43
a stay put rug pad,3921,6108,False,6108 | 7323 | 8431,5.78
allyl diglycol carbonate sheet used for ophthalmic lenses and other applications,3920,3907,False,3907 | 3920 | 9018,19.98
an 11 piece auto emergency tool kit,8414,8206,False,8206 | 8205 | 8467,24.63
"n-diphenylmethylene glycine ethyl ester, cas no. 69555-14-2",2925,2909,False,2909 | 2930 | 3907,23.06
"two pairs of women's pants, a woman's pullover, and a woman's shirt made of 88% polyester and 12% cotton knit fabric from the philippines",6111,6104,False,6104 | 6110 | 6105,57.0
cast foam used to make an impression of a patient's foot,3921,7323,False,7323 | 3921 | 9018,21.7
a board bender made of carbon steel with a cushioned handle used by builders to straighten boards and joists,8205,8201,False,8201 | 8205 | 7318,6.39
hydraulic firewood processing machines,8465,8412,False,8412 | 8479 | 8473,22.01
"socket set screws and socket head cap screws made of stainless steel and steel from finland, sweden, and norway",7323,7318,False,7318 | 8481 | 3926,80.09
a rotor for a cam phaser used in a two-stage hydraulically controlled cam phasing system of a passenger vehicle,8409,8412,False,8412 | 8413 | 8481,13.4
a rotary flywheel with a built-in permanent magnet used in spark ignition engines,8409,8511,False,8511 | 8483 | 8412,18.18
an emergency beauty kit containing various beauty and grooming items,8205,8203,False,8203 | 3924 | 8205,39.55
locking pliers,8204,8203,False,8203 | 8205 | 8204,53.4
"protamine sulfate (cas-9009-65-8), imported in bulk form from japan",3504,3913,False,3913 | 2922 | 2933,13.29
"a tablet personal computer enclosure, docking station, a radio-frequency identification (rfid) fob, and a kiosk",8473,8471,False,8471 | 8531 | 9013,15.73
"men's upper body garments made from 60% cotton and 40% polyester, designed for home comfort and lounging",6113,6103,False,6103 | 6110 | 8483,32.17
vinyl flooring packaging machinery,8441,3918,False,3918 | 3923 | 3926,50.94
silhouwell fit pod and silhouwell comfort pod,9506,8508,False,8508 | 9029 | 9401,14.88
"marine products used to form a system for raising and lowering an anchor on a pleasure or commercial vessel, including windlasses, anchors, bow rollers, anchor chains, anchor connectors, chain stoppers, chain links, anchor rope, electrical switches, and circuit breakers",7318,8538,False,8538 | 7320 | 7315,36.54
a girls knit blouse made of 100% cotton with swing top styling and ruffle fabric at the base,6116,6106,False,6106 | 6112 | 6110,72.9
propiolic acid (cas # 471-25-0),2916,2915,False,2915 | 2916 | 2930,34.51
"mens and boys t-shirts made from cotton and polyester, constructed in haiti",6113,6109,False,6109 | 6110 | 6103,54.05
cellulose acetate foil and tape used for photographic film,3920,3921,False,3921 | 3920 | 9006,36.73
a thera suit designed for rehabilitation of persons with cerebral palsy,9019,6112,False,6112 | 4202 | 9019,17.5
stainless steel terminal adapters and burner air adapters used in a flexible insulated direct vent system for oil burning appliances,7307,8481,False,8481 | 7308 | 7321,12.51
film transport gripper chain from germany,7317,3920,False,3920 | 7315 | 8428,44.25
"1h,1h,2h,2h-perfluorooctanol, cas no. 647-42-7",2905,2933,False,2933 | 2906 | 2905,13.88
"daxad 19ls, a brown powder composed of sodium polynaphthalene sulfonate used as a dispersing agent",3911,3906,False,3906 | 3905 | 2904,9.2
"ethyl 3,3-bis(trifluoromethyl)acrylate, 5-amino-3-(4-methoxyphenyl)pyrazole, and n-acetylhomopiperazine",2916,2933,False,2933 | 2916 | 2930,65.35
calcipotriol anhydrous (cas-112965-21-6) in bulk form,2906,2917,False,2917 | 2921 | 2904,5.8
"numerically controlled lathes, universal lathes, radial drilling machines, and grinding machines",8470,8466,False,8466 | 8458 | 8461,44.53
"women's two-piece garment, style 045-4834, consisting of a top and bottom, classified as sleepwear or outerwear",6110,6108,False,6108 | 6112 | 6105,21.97
electric motors from china,8511,8501,False,8501 | 8516 | 8536,64.63
"compact photo printers capable of connecting to automatic data processing machines, using thermal transfer printing technology, and featuring wireless connectivity options",8443,8471,False,8471 | 8443 | 8442,23.24
coil storage products made of recycled polyethylene,3926,3920,False,3920 | 3916 | 3907,19.25
a two-way satellite simulator,9030,9023,False,9023 | 8517 | 9030,20.05
"boys wearing apparel consisting of a wide-legged pair of shorts and a short-sleeved pullover, made from a finely knitted fabric of 65% cotton and 35% polyester",6103,6111,False,6111 | 6107 | 6103,23.8
"photo radar equipment consisting of a radar unit, control unit, photographic camera, flash unit, memory card, and tripod used to record traffic violations",9015,9006,False,9006 | 9031 | 8526,23.23
a 15 piece camping set containing various tools and accessories packed in a molded plastic carrying case,8201,8207,False,8207 | 4202 | 8211,16.88
a fisherman's caddy kit,8203,8518,False,8518 | 3924 | 8207,9.31
plastic sleeve protectors composed of polyethylene with elastic ends,3926,3923,False,3923 | 3926 | 3917,38.74
decorative window clings made of pvc plastic sheeting designed to cling to glass and other smooth surfaces without the need for adhesives,4911,3926,False,3926 | 3920 | 3925,17.91
polyester putty used to repair autobodies and airplane bodies,3214,8481,False,8481 | 9014 | 8511,29.79
"industrial welding robots manufactured by kuka roboter gmbh, including mig and spot welding models",8515,8479,False,8479 | 8515 | 8517,36.71
powerheads used in power gardening tools,8407,8201,False,8201 | 8504 | 8481,40.72
"glycerol mono p-aminobenzoate, pentyl p-dimethylaminobenzoate, and 2-ethylhexyl p-dimethylaminobenzoate",2932,2916,False,2916 | 3921 | 7308,33.31
marine diesel engines used for power generation and other applications in the oil exploration industry,8410,8408,False,8408 | 3917 | 9015,72.26
components of a vegetative flower unit (vfu) including a fan coil unit and a supply manifold,8415,8481,False,8481 | 8414 | 8415,12.62
plastic models and plastic mirrors used for architectural and educational purposes,3920,9023,False,9023 | 3920 | 3923,50.12
"various sorters/graders/screeners used for sorting, grading, and screening prepared foods",8438,9023,False,9023 | 8472 | 7616,6.48
a hair styling iron with a built-in mp3 player and speaker,8516,8519,False,8519 | 8516 | 7323,33.05
a wood-burning heater with a blower motor assembly designed for domestic environments,7322,8516,False,8516 | 7321 | 8479,22.94
"children's party goods including gift wrapping paper, greeting cards, badges, stickers, plastic bags, and place mats",3925,3923,False,3923 | 3926 | 3919,36.82
dc brushless motors designed for use as paper drivers in photocopy machines,8515,8501,False,8501 | 8441 | 9018,74.13
a multi-unit production mailing machine used for collating various papers and inserting them into large envelopes,8472,8441,False,8441 | 8479 | 3923,48.35
"a novelty gift set consisting of a clear plastic drawstring pouch, a ball-chain with a plastic pendant, a picture frame, a set of printed cards with matching envelopes, and a spiral-bound notebook",7326,3923,False,3923 | 7315 | 3926,10.27
"a 101-piece tool set that includes various hand tools such as sockets, wrenches, pliers, hammers, screwdrivers, and a blow mold case",8206,8204,False,8204 | 8206 | 8203,50.02
a plastic bathtub sling used to support an infant while bathing,3924,3922,False,3922 | 9401 | 6111,29.18
battery-operated electric chart drives designed for measurement recording instruments,8501,9015,False,9015 | 8516 | 9031,22.77
a silk sheet,3504,3921,False,3921 | 3920 | 4202,28.35
unfinished trashcans made from stainless steel sheets that are fabricated for assembly in the united states,7323,7307,False,7307 | 8215 | 3920,14.01
hydraulic valve lash adjustment elements,8412,8481,False,8481 | 8412 | 3916,72.94
a scooter hop-up repair kit,8204,8205,False,8205 | 8483 | 8302,10.68
a foam insulated plastic jug designed to be attached to a bicycle frame,3923,8512,False,8512 | 3926 | 3925,32.78
a hose assembly machine and push-on tools used in the production of hydraulic hoses,8479,4009,False,4009 | 3917 | 8479,26.9
"a casio desk top printer, model fr-2650dt",8470,8443,False,8443 | 8472 | 9023,45.88
"a silicone sheet, fishing skirt, and unfinished fishing skirt material",3920,6104,False,6104 | 3926 | 3921,13.71
"an lcd module, a tube holder, and a 5-relay board used in laboratory equipment",8531,8537,False,8537 | 8538 | 8479,24.19
a 6-pattern nozzle and adjustable nozzle with swivel for outdoor lawn and garden use,8481,3924,False,3924 | 8481 | 8201,9.45
"a multi-tool floral snip with base metal blades that articulate on a pivot, featuring a fine-edged knife blade and a serrated knife edge, designed for one-handed use and includes a fitted nylon storage/carry case",8201,8211,False,8211 | 8203 | 8207,55.38
low noise block down-converters with feedhorn used for satellite television reception,8525,8529,False,8529 | 8528 | 8504,51.64
"machinery used in the production of no nail, foldy pac boxes, which includes machines that punch, shear, and bend metal strips to create hardware for wooden packaging",8462,8441,False,8441 | 8466 | 8207,7.58
juvenile safety gates made of steel frames with wood or metal vertical bars designed to restrain children within a room,7323,7308,False,7308 | 3926 | 3925,9.66
"industrial knife blades designed for machinery used in various applications such as printing, food packaging, and plastic film converting",8208,3920,False,3920 | 8443 | 8211,27.91
a bop cup tester used in oil well drilling operations,9026,7326,False,7326 | 8431 | 9027,8.94
"albuterol, a bronchodilator drug imported in bulk form from india",2922,2933,False,2933 | 2921 | 2905,32.2
unisex knit sweatpants and sweatshirt made of 50% cotton and 50% synthetic fibers,6111,6110,False,6110 | 6111 | 6103,20.94
"a laminating machine used to heat seal photos, licenses, and membership cards in plastic sleeves",8515,3926,False,3926 | 8466 | 8465,13.37
a men's cycling pant constructed from a three-layer laminated fabric with a brushed knit inner layer and additional knit fabric on the sides,6103,6110,False,6110 | 3921 | 6103,23.76
a locomotive excitation system designed to upgrade existing operating facilities on general motors sd and gp locomotives,9032,8501,False,8501 | 9029 | 3926,11.98
dental drills and related instruments used in dental implant procedures,9021,9018,False,9018 | 9021 | 8207,43.05
a cell-cast cable splicing kit,3909,8544,False,8544 | 8203 | 7323,11.88
a spout insertion machine used in a packaging line for containers filled with salt,8441,3923,False,3923 | 7311 | 8479,51.21
hyperd ceramic chromatography sorbents used for protein purification,3914,3906,False,3906 | 3914 | 9030,45.97
"benzoyl peroxide, 3,4-diaminopyridine, and 4-methyl-3-(1h-imidazole-2-ylamino)-n-(3-trifluoromethylphenyl)benzamide",2916,2933,False,2933 | 2903 | 2916,71.75
"toddlers wearing apparel including a boys' t-shirt, shorts, and a shirt, as well as a girls' shorts and a pinafore",6113,6103,False,6103 | 6106 | 6113,37.79
girls nightwear consisting of a long-sleeved pullover and a pair of trousers,6110,6108,False,6108 | 6104 | 6110,11.82
a drinking water remineralizer and replacement cartridge,8479,8443,False,8443 | 8205 | 8481,9.88
"thermal screw piles made of galvanized steel, used for supporting structures and insulated to prevent frost build-up",7326,7308,False,7308 | 7318 | 8481,61.28
a foam classpack kit that includes foam sheets and self-adhesive stickers,3926,3919,False,3919 | 3926 | 3921,51.24
a securmag used to stabilize a fork lift,8505,8215,False,8215 | 8425 | 8428,9.68
a 10-piece garden tool kit consisting of various gardening tools and accessories,8207,8201,False,8201 | 8211 | 8467,75.54
"a thermometer/clock that displays time, date, indoor temperature, and receives outdoor temperature readings via a remote sensor",9030,9025,False,9025 | 9027 | 9014,69.18
"fabric grids, canvases painted with a design, and dyed muslin backdrops",9006,7323,False,7323 | 3926 | 3921,19.79
a steel disk used in a dezurik rotating consistency transmitter,9027,8525,False,8525 | 7318 | 8543,18.82
a pellicle used in the manufacturing of microelectronic chips,8486,7229,False,7229 | 8410 | 3402,15.35
a hay baling machine and a bale wrapping machine,8433,8438,False,8438 | 3920 | 8477,10.73
scotseal classic and scotseal xl automotive components,4016,3402,False,3402 | 3913 | 8512,25.46
"a cardigan made from knitted pile fabric of 100% cotton, characterized by a full-front zippered opening, a hood, and loosely rib-knitted waistband and cuffs of long sleeves",6111,6110,False,6110 | 6101 | 6111,69.68
"automotive dashboard gauges including a speedometer, tachometer, fuel gauge, temperature gauge, oil pressure gauge, voltage gauge, and a telltale module",9029,9026,False,9026 | 9029 | 9032,54.62
drop-in ice/beverage dispensers designed to chill and dispense soda and non-carbonated beverages,8418,8481,False,8481 | 8413 | 8479,29.25
riki ii blocking pads made of cellular polyurethane used in the manufacture of optical lenses,3919,3926,False,3926 | 9001 | 3921,26.27
red oak hrsg piping materials,8402,3926,False,3926 | 3921 | 8479,7.89
polyethylene plastic slats and tracks for privacy fences,3922,7606,False,7606 | 3923 | 3916,32.83
"steel poles used in the level 10 erector rack, a professional painters drying rack assembly",7306,7323,False,7323 | 7318 | 8481,8.68
men's and women's long sleeve thermal undershirts and thermal underpants made of 60% cotton and 40% polyester,6107,6109,False,6109 | 6108 | 3926,62.4
steel dog kennels made of galvanized steel chain link fencing,7308,7315,False,7315 | 7326 | 7306,55.62
"water garden products including pond liners, molded garden ponds, fountain nozzles, and tubing",3920,3924,False,3924 | 8413 | 8424,48.49
the blast guard dispersion suppressive foam system,6307,8424,False,8424 | 3921 | 8481,30.95
"a smartphone-sized device that measures blood pressure, electrocardiogram (ekg), temperature, blood glucose, blood oxygen, and weight, and is intended for remote patient monitoring and chronic care management",9018,9027,False,9027 | 9018 | 8526,31.21
p-anisaldehyde (cas # 129-11-5),2921,2912,False,2912 | 2933 | 8481,73.74
a child's knit union suit and cap made from 100% cotton,6107,6112,False,6112 | 7307 | 6114,7.96
"an infrared laboratory instrument used to test milk and dairy products for fat, protein, and carbohydrate (lactose)",9027,9024,False,9024 | 9027 | 3504,25.51
"an electric screwdriver in the form of a pistol, fully rechargeable, hand-held power tool, packaged in a gift box with bits mounted on the side",8467,8205,False,8205 | 8467 | 8516,41.87
"various electrical apparatus including wall switches, lamp holders, socket adapters, taps, and incandescent and fluorescent plug-in lights",8539,8536,False,8536 | 9018 | 8512,51.7
pvc composite door jambs,3916,3925,False,3925 | 7606 | 3921,30.16
"3,4,5-trimethoxybenzaldehyde, 2,4-difluoroaniline, m-chloroaniline, 4-fluoroaniline, and 3-chloro-4-fluoroaniline",2912,2921,False,2921 | 2912 | 3926,69.01
"a personal heating and cooling device known as the chameleon ms4, designed to be worn around the neck and utilizes a battery-powered thermoelectric heat pump",8479,8516,False,8516 | 8414 | 9018,5.39
"hot finished, seamless, carbon steel tubing/pipe with an outside diameter ranging from 2 inches (50.8 mm) to 26 inches (660.4 mm) and a wall thickness ranging from .375 inches (9.525 mm) to 3.25 inches (82.55 mm)",7304,7306,False,7306 | 7304 | 3920,75.37
"parts of fuel dispensers including feedline tube assemblies, framing and housing components, canopy assemblies, electrical bezel assemblies, and cosmetic skins",7411,8413,False,8413 | 8414 | 8538,17.07
"a bus stop shelter, newsstand, and newspaper dispenser",7308,8481,False,8481 | 8537 | 8512,8.37
steel step cans,7323,7616,False,7616 | 7323 | 7318,31.35
fumaric acid derived from benzene from japan,2917,2902,False,2902 | 2917 | 2916,27.4
a custom-built mobile stand for transporting a trent xwb gas turbine engine,8716,8411,False,8411 | 3923 | 8412,16.64
"intensive care infant warmer units, specifically the babytherm 8004 and 8010",9018,6111,False,6111 | 9018 | 7321,52.17
"a polyresin wall plaque, key chain, and magnet from china",3926,7315,False,7315 | 8505 | 8515,31.81
"temperature controls used in air conditioning, refrigeration, or heating systems",9032,8481,False,8481 | 9032 | 8415,24.46
clips and caps for starter motors,7326,8511,False,8511 | 8536 | 3923,21.7
a fixa 8-piece tool set,8202,8206,False,8206 | 8467 | 8207,64.91
a convection/microwave oven used for high-speed cooking and regeneration of multi-portion dishes,8514,8516,False,8516 | 9031 | 3921,32.02
a complexed polysaccharide gel forming polymer used in drilling operations,3920,3906,False,3906 | 8431 | 8425,15.52
an automated tape library system used for mass storage and automatic retrieval of data,8471,8523,False,8523 | 8471 | 9031,26.8
"solid state storage drive (ssd) models: sf 2405, sf 4805, sf 9010, and sf 9605, with 64 gb, 128 gb, 256 gb, and 256 gb of system memory, used for data storage and recovery in a storage cluster",8471,8523,False,8523 | 8471 | 9031,61.97
"a man's knit ski-suit constructed from polyester and spandex, featuring a mock turtle neckline, front zipper, long sleeves with thumb holes, and a covered zipper fly",6112,6110,False,6110 | 6112 | 8479,72.7
autotig 250-4 welding unit and mu 111 orbital welding heads,8523,8517,False,8517 | 8515 | 8467,50.5
a pod connection cable used in medical equipment,8544,9018,False,9018 | 8536 | 8544,35.05
lawn mower tires designed for low-speed rated use on riding and standing lawn mowers,4011,4016,False,4016 | 8433 | 4011,38.05
"a membralox filtering system for water and wastewater that includes a ceramic membrane, stainless steel housing, gaskets, a backpulse device, and a backpulse cabinet",8421,8481,False,8481 | 8410 | 3926,12.79
coathylene sb 0425 (polystyrene resin),3903,3916,False,3916 | 3903 | 3920,35.0
"a countertop installation kit that includes a file, screws, adhesive, silicone sealant, particle board pieces, cleaner, brackets, and instruction manuals",8203,3506,False,3506 | 3926 | 3920,59.17
steel assembly hardware sets used for assembling furniture,7318,7326,False,7326 | 7318 | 8204,34.72
"a one-piece playsuit constructed of knit 85% nylon and 15% spandex fabric, featuring short sleeves, a zipper front closure, and short legs, imported in boys sizes 3t-4t",6114,6112,False,6112 | 6114 | 6106,11.95
recycled/regrind thermoplastic polyetherimide,3911,3907,False,3907 | 4003 | 3909,29.81
easter egg decorating kits,3926,3920,False,3920 | 3926 | 8479,24.94
a brush grubber bg-18 heavy duty root buster used to cut tree and brush roots,8201,8479,False,8479 | 8201 | 7323,29.73
quick-release and screw-on pneumatic and hydraulic hose couplers,8481,8412,False,8412 | 8481 | 8415,42.0
personnel baskets from italy or sweden,8431,7323,False,7323 | 8465 | 3920,9.41
"an lcd tv subassembly, a main board, and an accessory kit",8532,9013,False,9013 | 9018 | 8481,33.63
a road marking re-striping system designed for automatic renewal of old road markings,8479,8536,False,8536 | 3920 | 9013,10.29
various shims used in hydraulic and mechanical applications,8413,8481,False,8481 | 7615 | 8479,8.71
"a hy-vent waste connector made of nickel plated brass that screws onto a 1/4"" pipe and allows air to escape from a system",7412,8481,False,8481 | 8536 | 7318,32.51
"hydroquinone (photo grade), cas#123-31-9, from china",2907,2914,False,2914 | 3920 | 3926,6.62
a multi-format video signal generator that produces video and audio reference signals used in digital broadcast environments,9030,8528,False,8528 | 8525 | 9030,31.81
metallized capacitor film,3920,8532,False,8532 | 3920 | 8479,42.34
pulvitec teflon tape,3920,3919,False,3919 | 3926 | 3920,23.01
automotive repair kits containing various tools and emergency items,3925,8205,False,8205 | 8211 | 8207,18.68
a pressure differential activated chamber testing system and a membrane-substrate bond tester,9031,9027,False,9027 | 9030 | 9026,17.23
temporary steel clamps used to hold sheet metal or similar material together while working with the material,8205,3921,False,3921 | 8205 | 7318,17.08
"a portable pet bath made of pvc with a steel frame, designed for bathing domestic animals, and includes a carrying case",3922,4202,False,4202 | 3922 | 3926,18.1
butane powered torches and soldering irons,8205,8515,False,8515 | 2905 | 8467,64.14
a cardboard box projector that uses a smartphone to display images on a wall,9013,9008,False,9008 | 8528 | 8471,59.17
"the en100 diagnostic center set, rectifier and converter from germany",9018,8504,False,8504 | 9027 | 8207,33.04
"wire fencing grills (roll-top fencing), fence posts, and gates from south africa",7314,7312,False,7312 | 7308 | 9018,12.89
"women's knit jacket and trousers made of cotton, polyester, and elastane",6102,6104,False,6104 | 6101 | 6105,72.57
ultrasonic generator and ultrasonic converter,8504,9031,False,9031 | 8536 | 8502,14.28
leapfrog explorer learning games and leappad ultra ebook,8523,9018,False,9018 | 9025 | 8479,6.47
"a furniture fix set consisting of six interlocking panels made of pvc plastic, designed to provide support under seat cushions or mattresses",3916,3926,False,3926 | 3916 | 9401,21.27
girls' cotton tops and panties,6114,6108,False,6108 | 6114 | 6212,23.72
heat shrinkable lay-flat tubing and bags used for enclosing cold meats or cheeses,3923,3917,False,3917 | 3923 | 8516,73.77
"a plastic-lined, alloy steel line pipe used in the oil industry",7306,7304,False,7304 | 7307 | 3917,32.05
"novo deepclean plus can, novo mac 10x ff, novo surfclean c3 (deep clean outdoor), bi-chem xp 151, and porta-treat concentrate",3402,3507,False,3507 | 3402 | 9029,5.04
a zippered shrink wrap bag designed to enclose and protect a snowmobile during shipping,3923,4202,False,4202 | 3923 | 3917,31.03
"a water broom designed to remove dirt, grime, and debris from asphalt or concrete surfaces using water",8424,8479,False,8479 | 8481 | 8424,15.45
"seamless square nonalloy steel tubes measuring approximately 1"" x 1"" with a wall thickness of approximately 0.053"" that are polyethylene electrostatic powder painted",7304,7306,False,7306 | 7304 | 3926,46.73
an abs unit for anti-locking brake systems,8413,8412,False,8412 | 8413 | 8204,31.12
eltrombopag olamine in bulk form,2933,2921,False,2921 | 2933 | 2917,23.34
qpatch 16 and qpatch ht automated patch clamp systems,9030,8205,False,8205 | 8523 | 6110,15.97
an ion-membrane electrolyzer used for producing chlorine gas and hydrogen gas,8543,9027,False,9027 | 8543 | 8481,8.64
a stay put rug pad made of open mesh warp knit polyester fabric covered in foamed polyvinyl chloride plastic,3918,3921,False,3921 | 6108 | 3926,59.95
an electrical displacement control for a hydraulic pump,8481,8413,False,8413 | 8536 | 8537,51.38
wheel scribers used for cutting glass,8208,8479,False,8479 | 8205 | 8202,9.24
"stepanfoam ri 9736-b, a b-component of a two-part polyurethane system used in the manufacture of rigid polyurethane foam products",3909,3921,False,3921 | 3909 | 3926,38.38
"a self-propelled trenching machine designed for digging straight or curved trenches, featuring a 4-wheeled frame, a honda engine, and tungsten cutters",8430,8427,False,8427 | 8203 | 6110,10.23
rigid thermal insulation boards made of high-density extruded cellular polystyrene,3921,3923,False,3923 | 3926 | 3921,22.14
"tiropak packaging film used for packaging fresh meat, poultry, fish, pasta, cheese, and vegetables",3921,3920,False,3920 | 3923 | 3926,68.12
"semi-tubular rivets made of brass, ranging in size from 6 mm to 10 mm in diameter and 25 mm to 60 mm in length",7415,8481,False,8481 | 7318 | 3920,16.09
two grubber tools used for removing brush and small trees from a garden,8201,8479,False,8479 | 8201 | 8428,32.71
"methyl trichloroacetate, a halogenated derivative of a saturated acyclic monocarboxylic acid ester used as a pharmaceutical intermediate",2915,2916,False,2916 | 2915 | 2905,30.47
"flooring nails made of carbon steel, collated into strips, with pointed ends and available in various lengths",7317,7318,False,7318 | 7317 | 8207,22.46
a complete onland drilling rig package,8430,8431,False,8431 | 3923 | 8430,17.35
a plastic foam playmat marketed for young children,3918,3926,False,3926 | 3921 | 3924,21.39
"ruffle trimmed bikini bottom, size 6, made of 75% nylon and 25% spandex, fully lined with a covered elastic waistband and elasticized leg openings",6112,6108,False,6108 | 6112 | 6104,16.03
malononitrile (cas # 109-77-3),2926,2903,False,2903 | 2926 | 2911,11.14
door viewers,9013,3925,False,3925 | 8501 | 8708,16.23
stainless steel and aluminum alloy half-cylinders used in blow molding processes,8480,8412,False,8412 | 8477 | 7308,20.86
a molybdenum crucible used in a sapphire growing furnace,8486,8514,False,8514 | 9002 | 8207,28.1
a wall thermostat for fans that uses a coiled bi-metal spring to control the fan operation based on temperature,9032,8414,False,8414 | 9032 | 8481,32.82
a spring coiler used for the in-line production of compression springs and tension springs,8463,7320,False,7320 | 8463 | 7323,39.05
a fracture reduction simulation course kit,9023,8543,False,8543 | 9023 | 9018,27.73
a heat shrink splice kit consisting of crimp terminal butt connectors and insulating shrink tubes,8536,3917,False,3917 | 8536 | 3923,47.14
sodium chondroitin sulfate 90% (cas-39455-18-0) from brazil used in nutritional supplements,3913,3923,False,3923 | 8481 | 2922,7.9
"pvc pipes that are manufactured in the united states, exported to mexico for processing, and then returned to the united states",3917,7411,False,7411 | 8466 | 9018,30.14
taps used in multispindle automatic machine tools to produce internal threads,8207,8466,False,8466 | 8481 | 7318,9.19
a flush light that functions as a replacement flush handle for toilets and also serves as a night light,8481,8205,False,8205 | 8481 | 6108,25.83
water-based print pastes (adhesives) used in transfer printing of textiles and flock papers,3506,3204,False,3204 | 8443 | 8442,29.98
a racing style threaded aluminum wheel center nut used for mounting an automotive wheel to the hub,7616,7318,False,7318 | 8482 | 8205,22.92
wire mesh tubing and flexible tubing used in automotive combustion engine exhaust systems,8708,3917,False,3917 | 8409 | 7306,42.78
a lawn aerator,8201,8433,False,8433 | 8432 | 8201,43.17
a fluid pressure system that tests the integrity of fluid channels within a heat exchange system,9026,9032,False,9032 | 3914 | 3921,12.22
portable cellular mobile hotspots that provide broadband connectivity by receiving signals from cell towers and broadcasting a wireless wi-fi signal,8517,8528,False,8528 | 8527 | 8525,24.83
backhoe buckets,8431,3926,False,3926 | 8430 | 8431,34.89
a car wash conveyor roller kit that consists of rollers and chains,8431,7315,False,7315 | 8482 | 3926,29.03
shock absorber components including crimp rings and washers used in motor vehicles,8708,4016,False,4016 | 8708 | 7318,21.9
zero perm foil vapor barrier and zero perm pressure sensitive tape,3921,3919,False,3919 | 3921 | 9026,72.37
"an art and craft kit that includes various tools such as pliers, scissors, a heat gun, and a handheld vacuum",8518,8203,False,8203 | 3506 | 8472,49.53
a galvanized hog waterer and a stainless hanging livestock watering outlet,8436,8481,False,8481 | 7306 | 6110,23.32
a mold for chocolate candy production made of polycarbonate,8438,8480,False,8480 | 3920 | 3923,10.41
a women's boxer brief designed to create the appearance of male genitalia,6108,8205,False,8205 | 6108 | 6102,7.48
mouse traps and rat traps made of plastic and steel,7323,3926,False,3926 | 3923 | 7326,12.57
"repro-ptfe, in powder form, obtained from manufacturing waste",3904,2906,False,2906 | 3915 | 3913,19.6
an intelligent video system designed for use in pharmaceutical laboratories that facilitates drug compounding by monitoring and validating ingredients and dosages,9031,8479,False,8479 | 9027 | 3926,8.21
a plastic sack used in blood dialysis machines,8421,9018,False,9018 | 3926 | 3923,22.43
a plastic sheeting dog barrier with metal poles,3924,3923,False,3923 | 3921 | 3922,10.63
a nail/tack/brad assortment,7317,3923,False,3923 | 8205 | 8467,5.81
"seven nonwoven lining fabrics made from man-made fibers and plastics, designed to simulate leather",3924,5603,False,5603 | 4202 | 3921,38.43
"golf putter components including unfinished putter head, shaft, brass pins, rubber grip, and neoprene cover",9506,8481,False,8481 | 8203 | 7321,5.68
"a multi therapy system that combines light therapy, thermotherapy, chromatherapy, aromatherapy, and sound therapy, designed for home use and includes an electric heater, nebulizer, essential oils, lights, and an mp3 player",8516,9018,False,9018 | 8516 | 8519,30.66
tub and toilet safety bars made of epoxy coated aluminum,7615,3922,False,3922 | 8205 | 3907,25.58
plastic pallets and tote pans used for transporting goods,3923,3916,False,3916 | 3923 | 8716,21.89
a battery clamp kit,8536,8205,False,8205 | 8507 | 9030,19.26
a yamaha go46 mobile audio interface unit,8471,8473,False,8473 | 9001 | 8479,9.64
"a women's poncho-like garment made of 100% cashmere knit fabric, featuring a turtleneck, sleeveless design, and no front or back opening",6114,6102,False,6102 | 6110 | 6114,41.77
a women's synthetic leather coat,3926,6102,False,6102 | 3926 | 3921,60.95
aluminum folded tubes used in vehicle radiators,8708,7411,False,7411 | 7616 | 8483,13.67
interlocking foam tile mat,3918,3921,False,3921 | 3918 | 8481,37.76
a spring-operated mechanism for high voltage circuit breakers,8412,8481,False,8481 | 8536 | 8516,19.98
"stainless steel gas vent system components including pipes, fittings, joiner bands, firestops, and wall thimbles",7312,7307,False,7307 | 7321 | 8481,39.71
a communications tower constructed of hot dipped galvanized steel used for radio and television transmission/reception,7308,8529,False,8529 | 7308 | 7306,26.51
"3-octyl acetate natural, octyl acetate natural, natural nerolidol, n-butyl acetate natural, and methyl-2-methyl butyrate",2912,2915,False,2915 | 3926 | 2916,72.84
"a rotary nozzle used on standard pressure washers, made predominantly of brass and encased in plastic, weighing 0.90 lbs, without a valve/shut off mechanism",8424,8481,False,8481 | 8424 | 8423,38.61
a combined knifeware and shears sharpener that includes a ceramic whetstone for knives and a carbide sharpening element for shears,8205,8211,False,8211 | 8201 | 8205,30.78
"a comfort hold callus shaver, classic tweezer set & case, and shape & shine manicure kit",8205,8203,False,8203 | 8211 | 4202,61.31
"rpc-43, rpc-122, rpc-123, rpc-149, and smb-12 used in compact disc coatings",2915,9018,False,9018 | 3907 | 2933,3.9
a sleep sound soother machine,8519,6107,False,6107 | 8519 | 6108,29.41
"gas furnace units, model numbers mgh96m060b3a, mgh96m080b3a, mgh96m080c4a, mgh96m100c5a, mgh96m100d5a, and mgh96m120d5a",7322,8415,False,8415 | 8413 | 7326,14.06
"a self-drilling, thread forming screw with wings and self-counter sinking capabilities used in the construction of floating docks and for the repair of wood trailer floor decks",7318,7308,False,7308 | 7318 | 3926,11.38
"automobile parts including taillamp lens, parklamp lens, taillamp assembly, parklamp housing assembly, and taillamp bezel",9001,8512,False,8512 | 8511 | 8481,12.31
a mobile patient monitoring system that includes various medical sensors and a wireless communication device,9018,9025,False,9025 | 9018 | 8526,13.35
corrugated polycarbonate light transmitting panels,3916,3920,False,3920 | 3923 | 3916,25.0
various attachments for a powered weed trimmer,8432,8467,False,8467 | 8414 | 8509,50.64
natural squalene (cas 111-02-4) used as a health food supplement,2901,3926,False,3926 | 3913 | 9018,5.67
"doming decals made of plastic, designed for rigorous applications such as on agricultural, construction, transportation, and outdoor power equipment",3919,3926,False,3926 | 8504 | 3922,9.65
a magnet ring from china,8512,8505,False,8505 | 8515 | 8483,55.15
a tail lamp lens used on mazda automobiles,9001,8512,False,8512 | 8511 | 3921,30.51
"embroidered chenille patches and sweatshirts, including sweatshirt parts, embroidered in haiti from haiti",6111,6110,False,6110 | 6113 | 3926,19.35
silicone rubber self-adhering and self-fusing tape,3920,3919,False,3919 | 3926 | 8479,57.94
"components used in the manufacture of pneumatic cylinders, specifically a tube end, a body, a piston/labyrinth, a pin actuator, and a rod",8302,8412,False,8412 | 3926 | 8409,44.93
"an explosion-proof electric air heater used in areas with flammable liquids, gases, or vapors",8516,8479,False,8479 | 8516 | 7309,32.19
"hot finished, seamless, carbon steel tubing/pipe manufactured to specifications astm a-519 and astm a-106 b, with an outside diameter ranging from 2 inches (50.8 mm) to 26 inches (660.4 mm) and a wall thickness ranging from .375 inches (9.525 mm) to 3.25 inches (82.55 mm)",7304,7306,False,7306 | 7304 | 3920,70.75
"boys and girls pants sets made of jersey knit fabric with cotton and polyester blends, sized for infants and toddlers, and assembled in jordan from components cut in china",6112,6111,False,6111 | 6116 | 3926,36.74
fuel injection nozzles used in compression-ignition engines,8481,8413,False,8413 | 8481 | 8412,23.51
aromatic thermoplastic resins,3911,3907,False,3907 | 3909 | 3911,28.94
"profile material advu-25, product number 302593, used in pneumatic systems",8412,3921,False,3921 | 8481 | 8412,13.97
"a set of hand-held gardening tools including a trowel, transplant trowel, fork, claw, and mounting rack made of heavy aluminum",8207,8201,False,8201 | 8207 | 8205,41.91
an automatic vodka filling line from china,3926,8481,False,8481 | 8515 | 8424,23.47
wall covering fabrics made of coated and impregnated textile substrates,3918,3921,False,3921 | 3918 | 8534,36.97
laminated polyethylene wrap used for wrapping chocolate truffles,3921,3920,False,3920 | 3921 | 3923,45.44
"bonsai tools including shears, tweezers, rake, and tool set",8205,8203,False,8203 | 8201 | 8207,46.63
"a capacitive touch screen assembly enclosed in a bezel, intended for use with gaming machines",8537,8471,False,8471 | 8473 | 7318,8.8
a netatmo weather station,9025,9015,False,9015 | 3921 | 9025,70.79
printed labels for batteries,3919,4911,False,4911 | 7615 | 3920,18.23
"video game controllers designed for the nintendo switch console, including both wired and wireless models, packaged with a zippered case",8526,9015,False,9015 | 8517 | 8528,6.34
dynabeads m-450 and m-280 from norway,3917,7315,False,7315 | 8479 | 3926,5.0
digital x-ray detectors,9030,9022,False,9022 | 9031 | 9006,67.88
"pneumatic and electric vibrator motors used for compressing, transporting, and unloading bulk materials",8412,8428,False,8428 | 8501 | 8467,23.61
a cigar humidor made of stainless steel with a wooden top and wrapped in faux leather (plastic),7323,8205,False,8205 | 3926 | 7318,19.33
a machine system for heat treating and straightening metal rods,8514,8516,False,8516 | 3916 | 8514,12.45
"n-(diphenylmethylene)glycine ethyl ester, cas no. 69555-14-2",2925,2909,False,2909 | 2930 | 3907,22.85
a light emitting capacitor (lec) panel,8543,8532,False,8532 | 8528 | 8479,45.41
multilayer plastic sheeting used for digital printing on woven fabrics,3920,3921,False,3921 | 8443 | 3920,50.54
eyeglass frames and eyeglass frame parts,9014,9003,False,9003 | 9018 | 3925,36.58
a gravure rotary press and associated equipment used for printing,8443,8426,False,8426 | 8443 | 3920,39.75
"potato protein concentrate and edible modified potato starch (""skronet"")",3504,3913,False,3913 | 3504 | 3505,31.12
a 151-pc. highway emergency kit,8536,8205,False,8205 | 3506 | 3920,24.63
a women's knit jacket made from 100% polyester fleece,6102,6101,False,6101 | 6102 | 6108,45.59
"a 9-piece tool kit including a claw hammer, long nose pliers, utility knife, carpenter pencil, triangle square, measuring tape, screwdrivers, and a tool apron",8207,8211,False,8211 | 8206 | 8203,50.89
men's and boys' basketball jerseys and shorts made from 100% polyester knit fabric,6110,6103,False,6103 | 6110 | 6101,79.06
"an engine assembly consisting of a 2.2 liter, 4-cylinder, common rail, fuel-injected diesel engine with a cylinder capacity of 2,179 cc, including attached mounting brackets and hoses",8408,8407,False,8407 | 8409 | 8412,37.78
"phenytoin, pseudoephedrine sulfate, and quetiapine fumarate",2933,2915,False,2915 | 2933 | 2922,20.25
a botox injection amplifier,9018,9021,False,9021 | 9018 | 8481,27.46
an air switch used for pneumatic transmissions,8481,8467,False,8467 | 8425 | 8481,28.44
a mass flow meter designed to measure gas flows in gas chromatographs and gas chromatograph/mass spectrometers,9026,9027,False,9027 | 9026 | 9030,39.15
pit liner pedestal and walkway used in hydroelectric power plants,7308,8410,False,8410 | 8413 | 8504,26.64
"vacuum cleaners, specifically the neu52 series, which includes upright, electric-powered models designed for household use with a power rating of 960w and a dust receptacle capacity of 4.1 l",8518,8508,False,8508 | 8467 | 8516,64.63
"synthetic organic dyes used in leather processing, specifically avalan fast navy r conc, avacor black tt, avalan fast red brown ahl, avalan fast brown alh, and avacor brown ent",3204,3214,False,3214 | 3921 | 3924,9.05
tarpaulin material and finished tarpaulins from china,3926,3921,False,3921 | 3926 | 4008,68.31
a women's knit cardigan and pants set made from cotton and spandex,6105,6110,False,6110 | 6104 | 6111,20.86
"a boy's knit playwear set consisting of a sweatshirt and a pair of coordinated sweatpants, made of 70% cotton and 30% polyester, featuring long sleeves, concealed loops, a napped interior, appliques, and ribbing at the neck, sleeve cuffs, and bottom",6103,6110,False,6110 | 6111 | 6109,48.76
"vulcanized silicone reinforced with glass fabric, unvulcanized silicone reinforced with glass fabric, and unvulcanized unreinforced silicone used in flexible silicone heater pads",3910,3921,False,3921 | 3910 | 3917,58.29
metal swivel pad lock grips and clamp pliers used for welding applications,8205,8203,False,8203 | 8205 | 7307,16.01
"1,3-dibromo-2,2-dimethoxypropane",2911,2903,False,2903 | 2911 | 2917,38.5
"a bamboo tea canister containing green tea, two bamboo coasters, a wooden tea tray, two mugs, and a tea infuser, all packaged in an acetate box",3923,8516,False,8516 | 7326 | 8523,15.89
sodium cyclamate and calcium cyclamate,2929,2924,False,2924 | 2915 | 3906,28.87
molds and jigs used in the production of commercial grade ice and water dispensers,8480,8481,False,8481 | 8480 | 8479,20.37
sleepwear for infants and childrenswear made from cotton or cotton/spandex blends,6108,6111,False,6111 | 6107 | 6105,75.81
"a girls a-line sweater made of 97% cotton and 3% polyester, featuring a double-breasted front, a fabric drawstring at the waist, and set-in long sleeves, imported in sizes 3 to 18 months",6111,6110,False,6110 | 6111 | 6106,43.99
"winch components including a winch frame, intermediate gear, and winch drum",8431,8483,False,8483 | 8425 | 8479,34.83
parking meters and steel posts from south africa,7315,7308,False,7308 | 9032 | 8479,43.1
a crimping tool included in a highway emergency kit,8203,8205,False,8205 | 8206 | 3506,27.44
shock absorbers and chock separators used in cranes and rolling mills,8431,8455,False,8455 | 8431 | 8426,43.54
screws and roofing plates from taiwan,7326,7318,False,7318 | 7317 | 7321,43.04
an evaporator fan motor for a refrigerator,8515,8414,False,8414 | 8501 | 8503,50.67
"boss small pet first aid kit, boss large pet first aid kit, and boss bike repair first aid kit",3506,8203,False,8203 | 3923 | 3920,41.6
"various cosmetic chemical ingredients including liponate pc, lipovol a, lipovol alm, lipovol g, lipovol p, clear jojoba oil, lipovol o, lipolan, lipolan distilled, lanolin oil, lipolan 31-20, lipocol c, lipocol s, lipocol sc, lipocol cs-604n, and stearic acid",2917,2915,False,2915 | 3923 | 2906,9.03
"structural steel doors, windows, and frames",7317,7308,False,7308 | 3925 | 3920,69.72
radial ball bearings and housed ball bearings,8483,8482,False,8482 | 8483 | 3926,69.69
"a two-piece garment set consisting of a crew neck pullover with long sleeves and ankle-length pants, both made of fine knit cotton fabric, designed for children and labeled as underwear",6108,6113,False,6113 | 6110 | 6111,29.01
"cookware parts including an aluminum rivet, a phenolic handle with a stainless steel insert, and a stainless steel lid with a phenolic handle",7616,7615,False,7615 | 7323 | 8205,35.81
"windlasses, anchors, bow rollers, anchor chain, anchor connectors, chain stoppers, chain links, anchor rope, electrical switches, and circuit breakers used in marine applications",7318,8538,False,8538 | 7315 | 7320,48.28
chloroacetone (cas 78-79-5) used as a pharmaceutical intermediate,2901,2914,False,2914 | 2930 | 2912,20.15
magic anti-slip mesh,3921,6108,False,6108 | 3921 | 7314,12.89
a used dunnage bag making machine,8479,8515,False,8515 | 8441 | 4202,18.83
"an eyebrow kit containing a nylon pouch, metal tweezers, eyebrow gel, and an angled brow brush",8205,8203,False,8203 | 8205 | 3926,74.1
"a babies 2-piece play set made of fine knit velour fabric, consisting of a long sleeve shirt and pull-on pants, imported in infant sizes",6112,6111,False,6111 | 6105 | 3917,77.85
a voltage and current regulation unit for an automobile engine,9032,8504,False,8504 | 8412 | 9032,9.0
tire inflators with gauge and tire inflators with gauge and gun,8481,9026,False,9026 | 8481 | 9018,58.12
women's jean-style pants made from synthetic leather,3926,6104,False,6104 | 3926 | 4202,70.07
"ophthalmic apparatus including slit lamps, tonometers, retinal cameras, ophthalmometers, screenscopes, lensmeters, vision testers, auto chart projectors, and operation microscopes",9022,9018,False,9018 | 9011 | 9027,52.26
picks and mattocks,8201,8205,False,8205 | 8201 | 3926,28.38
a cat6a unshielded toolless keystone jack,8536,8425,False,8425 | 8204 | 3926,73.68
decorative tubular netting made of polyethylene with a glitter effect,3917,3920,False,3920 | 3926 | 6110,30.22
a roll of polyethylene film that is preprinted for use as packaging bags for fresh vegetables,3920,3923,False,3923 | 3920 | 3926,59.97
a compressed gas injection system designed to enhance the injection molding process using pressurized nitrogen gas,8414,7311,False,7311 | 8481 | 8477,22.51
"bathroom stall door hardware including stainless steel and aluminum hinges, brackets, and pan head sheet metal screws",7321,7318,False,7318 | 7308 | 8302,47.98
"sapphire lenses, windows, and substrates made from synthetic sapphire",9015,9002,False,9002 | 8473 | 3926,19.66
men's cotton knit sleep/lounge pants and shorts,6107,6103,False,6103 | 6107 | 6104,48.34
a fluid processing/control skid used in gas turbine fuel delivery systems,8413,8481,False,8481 | 8413 | 8412,25.97
a high-performance coated separator for ev batteries made of microporous polyethylene,3926,3921,False,3921 | 9011 | 8481,62.04
synplast dinp (cas # 68515-45-7),2917,2915,False,2915 | 2916 | 8481,12.55
cellular polyethylene sheet used for packaging notebook personal computers,3921,8471,False,8471 | 3921 | 3920,33.13
"microcare cph, a preservative containing 100% chlorphenesin used in personal care products",2909,8205,False,8205 | 3402 | 8473,6.88
hot stabs used in sub-sea oil and gas drilling operations,8412,8431,False,8431 | 7304 | 8481,39.77
"a fillister head kit consisting of helical spring lock washers, square head set screws, and slotted fillister head screws",7323,7318,False,7318 | 7320 | 8205,74.86
"a women's 100% wool, knit, sleeveless poncho-like garment that is pulled over the wearer's head, extending from the shoulders to below the chest and featuring a roll down collar",6114,6102,False,6102 | 6114 | 8205,76.32
stainless steel boiler tubes used in heat exchangers,7306,7304,False,7304 | 7323 | 7606,66.52
mens knit tank tops made of 100% cotton from thailand,6110,6107,False,6107 | 6109 | 6111,26.78
"girls' knit wearing apparel including a sleeveless dress, a tank top, and a drop-waisted blouse",6104,6106,False,6106 | 6114 | 6111,40.13
"pipe fitting parts used for bypass pumping, irrigation, or fluid transfer",7326,8413,False,8413 | 3917 | 7307,34.39
soft air goggles and soft air red dot sights,9031,9018,False,9018 | 8414 | 9004,12.25
"a ladies underwear set, style no. lm04, made from 100% cotton knit fabric, consisting of a top with long sleeves and a bottom with long legs",6109,6113,False,6113 | 6111 | 6107,11.86
"artists panels made of acrylonitrile butadiene styrene (abs) plastic, used as watercolor canvases, which may be in the form of rectangular plates or cradle panels",3920,3926,False,3926 | 3903 | 3916,18.02
girls' underwear set consisting of a knit brief and a cropped top made of 100% cotton,6114,6113,False,6113 | 6109 | 6114,24.33
a sleeveless dress made of 100% cotton and a short-sleeved sweater made of crocheted cotton for girls,6204,6110,False,6110 | 6111 | 6112,71.68
seamless steel pipe imported from japan,7306,7304,False,7304 | 7312 | 7411,71.17
a vehicle speed sensor assembly,9029,9026,False,9026 | 9029 | 8481,45.66
"a smoke measurement system designed to measure smoke density, consisting of a smoke measuring head, control unit, power supply, flow control unit, and vacuum pump, utilizing americium 241 as a radioactive source",9022,9031,False,9031 | 8531 | 9022,14.65
"an indoor security camera system that captures and records video, has a microsd card slot, and includes a two-way talk intercom feature",8525,9031,False,9031 | 8528 | 8519,9.47
a foot operated firewood splitter,8465,8481,False,8481 | 8205 | 9025,10.21
"an electronic handheld whistle used by coaches, referees, and trainers",8531,9018,False,9018 | 8467 | 3923,10.68
"a stainless steel comb, ice scraper, mirror, spanner/wrench, collar stiffeners, and buttons",8207,8215,False,8215 | 8204 | 7318,9.34
"mobile phone accessories such as headsets, connectors, capacitors, and batteries",8539,8532,False,8532 | 8536 | 8525,11.7
"various polyurethane, isocyanate, and polyester resins from france",3917,3909,False,3909 | 3921 | 3911,49.39
"automobile dashboard gauges including a speedometer, tachometer, fuel gauge, temperature gauge, oil pressure gauge, voltage gauge, and telltale module",9028,9026,False,9026 | 9029 | 9032,50.88
a tire pressure maintenance system that allows the driver to adjust tire pressures from the cab of the vehicle,8481,9026,False,9026 | 8481 | 9029,44.78
parts of an underwater breathing apparatus known as an air regulator,9020,8481,False,8481 | 9018 | 9020,16.03
ntn-2-16-2 insulation paper,3920,8441,False,8441 | 3921 | 8205,24.66
a women's knit cardigan and pants made from 92% cotton and 8% spandex,6105,6104,False,6104 | 6110 | 6111,40.55
automotive power pack assemblies,8515,8512,False,8512 | 8504 | 8479,28.56
christmas packaging tape,3919,3923,False,3923 | 7323 | 3919,22.77
polyethylene mesh fencing material,3920,3921,False,3921 | 6307 | 3923,41.63
"ammonium benzene sulfonate (ammonium besylate, cas# 19402-64-3)",2904,2930,False,2930 | 2917 | 2902,24.02
monitors from south korea,8532,7317,False,7317 | 8512 | 9027,14.58
"a set of toddler garments consisting of a boys shirt and pants made from 100% cotton knit fabric, and a girls shirt and pants made from 100% cotton knit fabric, both featuring a pumpkin motif and designed for sizes 2t, 3t, and 4t",6116,6103,False,6103 | 6106 | 6105,56.23
bridal headpieces made of plastic and artificial flowers,3926,9021,False,9021 | 3926 | 3918,16.32
"a handheld, lightweight electric scissors designed for cutting various materials, battery-operated, with replaceable metal blades encased in plastic housing",8467,8516,False,8516 | 8202 | 8467,11.57
a liquid crystal display module/panel and a box module for a flat panel television,9013,8528,False,8528 | 8529 | 9013,30.43
"a set top box used for the transmission of television signals, specifically the apple tv",8525,8529,False,8529 | 8525 | 8528,28.6
blowout preventers used in oil and gas drilling operations,8481,8431,False,8431 | 8481 | 8483,34.5
a pump jack and a scaffolding pole used in a scaffolding system for construction tasks,8425,7308,False,7308 | 8425 | 8413,64.11
polytetrafluoroethylene (ptfe) tape,3920,3916,False,3916 | 3904 | 3915,35.5
"a non-automatic home clothes washing machine with a single agitation cycle, a dry linen capacity of 5.5 kg, and may or may not have a timer device or a drain pump",8450,8481,False,8481 | 8450 | 8451,16.07
a motor mount seal used in air conditioning units,4016,8415,False,8415 | 8501 | 8414,34.79
"natural fairness shower gel, natural fairness facial foam, natural fairness liquid soap, natural fairness soap bars, and natural fairness hydrating lotion",3402,7323,False,7323 | 3926 | 3921,10.47
electronic centrifugal switches (starters) used for single-phase electric motors,8536,8501,False,8501 | 8536 | 8479,46.2
a women's tank top made of 100% silk knit fabric,6110,6109,False,6109 | 6108 | 6102,79.94
"heating systems designed for yachts and motor homes, specifically the hurricane ii, oasis, and waterheater models",8516,8414,False,8414 | 8481 | 8516,8.45
mens knit tank tops made of 100% cotton from pakistan,6110,6109,False,6109 | 6107 | 6110,38.37
"an emergency kit containing various cosmetic and personal care items, including earring backs, towelettes, nail polish, and a sewing kit, all stored in a pouch made of polyurethane",4202,8205,False,8205 | 3506 | 3923,22.18
"message boards, chalk, and plastic sheets",3921,3920,False,3920 | 3921 | 6307,18.54
boys' velour tracksuit consisting of a loose-fitting pair of trousers and an unlined jacket with a hood,6104,6103,False,6103 | 3926 | 6111,36.74
an air line oiler used in pneumatic power systems,8412,8467,False,8467 | 8481 | 8504,40.15
a closed loop pyrolysis system designed to convert waste plastic into fuels,8419,8412,False,8412 | 3926 | 8441,12.05
adhesive tapes made of polypropylene and paper film,3919,3920,False,3920 | 3919 | 3926,56.77
woven stainless steel tapes,7326,7314,False,7314 | 7307 | 7308,15.36
solid polyvinyl chloride (pvc) panels and smaller planks intended for wall coverings,3920,3918,False,3918 | 3916 | 8205,30.96
a teleprompter base and tripod adapter used in professional digital photography and videography,7616,9006,False,9006 | 9002 | 9018,13.55
an adapter for an ecg recorder,9018,8504,False,8504 | 8519 | 9006,16.09
a mechatronic transmission control unit and a hybrid power control unit,8481,9032,False,9032 | 8425 | 8502,29.24
a neutral bar assembly and a lug assembly used in electrical circuits,8535,8536,False,8536 | 8538 | 7318,40.92
"brass plated steel tire cord made up of 9 filaments of wire, where two filaments are twisted together to form a two-filament strand and seven filaments are twisted around that strand",7312,3916,False,3916 | 8481 | 7314,14.92
"dental instruments including an explorer, cotton and dressing pliers, and a dental mirror from taiwan",9022,9025,False,9025 | 9018 | 8203,43.84
a hyperplex immunofluorescence system designed for multiplex fluorescent immunohistology assays,9027,8531,False,8531 | 9027 | 3204,16.26
"woven wire cloth used in equipment designed to sift, size, and filter different minerals or materials, made from grades 65mn and swrh72a nonalloy (carbon) steel or grade 304 stainless steel, imported in various mesh sizes and with or without hooks",7314,8481,False,8481 | 7615 | 7314,11.01
ez stud out broken stud removal tool kits,7616,8207,False,8207 | 8481 | 3921,12.89
a steel battery housing container,7309,7323,False,7323 | 8507 | 3923,8.82
"an aneroid sphygmomanometer without a cuff, consisting of a manometer and inflation bulb, featuring a trigger deflation valve and a luer lock adapter for cuff interchangeability",9018,8481,False,8481 | 9018 | 6116,52.76
"woven wire cloth used in equipment designed to sift, size, and filter different minerals or materials, made from grades 65mn and swrh72a nonalloy steel or grade 304 stainless steel, imported in various mesh sizes and with or without hooks",7314,8481,False,8481 | 7314 | 7615,9.52
"generator control unit (gcu) part number 51525-001b, trimmable horizontal stabilizer actuator (thsa) part number 47145-010, and synchro-shaft lock part number ty2080-20",8412,8501,False,8501 | 8412 | 3907,18.02
"an outdoor gift set that includes an axe-saw, a match kit, fire bellows, and tinder shreds",8202,8201,False,8201 | 7321 | 3926,18.68
piling elastomers used in vibratory hammers,8431,8205,False,8205 | 8430 | 3910,45.08
a 399 piece automotive electrical repair kit,8203,8536,False,8536 | 8203 | 8544,23.08
"enerzan l, liquislide salt, ces primary, ces secondary, and ces wetting agent",3824,3926,False,3926 | 8479 | 2903,6.38
a queen anne console table and mirror set,7009,9403,False,9403 | 3920 | 8543,44.05
a rod end manufactured in germany consisting of a steel forging with a bore in which a ball joint swivels upon a modified teflon race liner,8483,7307,False,7307 | 8482 | 9018,12.15
cresol red sodium salt (cas # 62625-29-0),2914,2907,False,2907 | 2909 | 2915,7.66
fluorene (cas 86-73-7),2902,3904,False,3904 | 2912 | 2916,9.87
"pole line hardware including line post studs, steel crossarm pins, eyelets, and eyenuts",7318,7326,False,7326 | 7308 | 7318,45.62
diethylvinylcarbinol (cas # 115-18-4),2905,2925,False,2925 | 2909 | 2911,37.34
tree harvesters and harvesting heads,8436,6307,False,6307 | 8479 | 3923,16.42
a carbide tip hole cutter,8207,8203,False,8203 | 8209 | 8205,35.16
polyvinylchloride (pvc) powder used in the manufacture of faux leather products for automotive interiors,3912,3921,False,3921 | 3901 | 3920,65.65
"a file cabinet, a tool chest with roller cabinet, and a portable tool box containing pliers",9403,8207,False,8207 | 8203 | 8206,44.88
a t3 shaft unit for a bow/stern thruster system,8412,9018,False,9018 | 8413 | 8529,5.22
a transparent lace-like camisole made of 100% polyester knit fabric and a transparent mesh-like slip made of 100% polyester knit fabric,6109,6108,False,6108 | 3920 | 6110,52.83
"an optical power meter used for installation, maintenance, and repair in fiber optic networks",9027,8205,False,8205 | 3916 | 7326,11.23
"a wiring harness with ceramic heater for oxygen sensor, a wiring harness for oxygen sensor, a wiring harness for power slide door system, a wiring harness with switch for seat system, and a wiring harness with gps antenna",8535,8544,False,8544 | 9020 | 9025,22.96
a combo axe with a fixed blade knife,8201,8211,False,8211 | 8201 | 8202,49.57
toddler boys and girls shirts made from 100% cotton,6105,6110,False,6110 | 6116 | 6103,15.6
"a radiator hose made of silicone rubber, intended to serve as a conduit for engine coolant in trucks",3917,4009,False,4009 | 3926 | 3917,8.29
dual decoilers designed to feed metal working presses and punching lines,8466,8207,False,8207 | 8479 | 8465,17.75
a solar controlling additive used in pmma sheets to absorb infrared light,3824,3920,False,3920 | 3921 | 8479,12.88
"an aquarium starter kit containing various components such as a dip net, digital thermometer, air pump, heater, and pvc tubing",9025,9027,False,9027 | 3917 | 3926,14.82
high purity copper plated discs used in semiconductor sputtering tools,7409,8486,False,8486 | 8536 | 8481,18.99
a craftsman table saw with stand,8465,8466,False,8466 | 8202 | 8465,37.36
hydroxylamine hydrochloride (cas # 5470-11-1),2825,2921,False,2921 | 2932 | 2825,15.44
nox sensors used in selective catalytic reduction systems in vehicles,9027,9018,False,9018 | 8413 | 8479,8.99
"a brass stud or tie rod, with silver plating, used as the main support post for an anti-collision light assembly in a twin-engine commuter plane",7415,7318,False,7318 | 8481 | 7308,11.48
process vessels used in the treatment of polypropylene plastic,8419,3920,False,3920 | 3924 | 3917,12.0
"calcipotriene, dronabinol, and meprobamate",2906,9020,False,9020 | 2916 | 2924,14.51
a photomask compact used in the transport and storage of photomasks for semiconductor wafer production,3923,8486,False,8486 | 3926 | 3920,16.86
a plastic washbasin designed for bedridden patients to facilitate hair washing,3922,8516,False,8516 | 3926 | 8450,10.33
"sodium benzoate, zirconium dioxide, boric oxide, boric acid, and electrolytic manganese dioxide",2916,2825,False,2825 | 2916 | 9027,27.5
a mountable wall sink with faucet made of polypropylene,3922,8481,False,8481 | 3920 | 3917,37.2
"arabinoxylan (cas no. 9040-27-1), a polysaccharide derived from wheat straw, imported in powder form and sold to companies in the food and beverage industry",3913,2933,False,2933 | 3907 | 9027,10.69
naloprotex g2 sausage casings made of high strength woven polyester fabric with a plastic polymer coating,6307,3917,False,3917 | 3921 | 3504,10.39
the eyedetect system used for screening job applicants to determine deception on written applications,9031,9027,False,9027 | 9031 | 8481,26.55
"a set of assorted hooks including vinyl-covered hooks, nails, and mounting hardware",7323,3926,False,3926 | 7318 | 3919,16.35
humidifiers and an air purifier,8509,8519,False,8519 | 8415 | 8479,31.68
a peritoneal dialysis cycler set,9018,3920,False,3920 | 8205 | 8481,7.87
"a set of sunglasses with a hard-sided carrying case, a cloth pouch, and a cleaning cloth",9004,4202,False,4202 | 9004 | 7323,21.15
parts of trolley assemblies for logging machinery,8483,7318,False,7318 | 8431 | 8438,16.72
plexiglas diffusing sheets used in illuminated backlit panels,3920,3921,False,3921 | 3920 | 7606,24.98
"2,6-diisopropyl phenol, a pharmaceutical intermediate",2907,2930,False,2930 | 2907 | 2914,30.67
"a vehicle measuring system designed for use in automobile repair and body shops, consisting of a metal beam with two high-definition digital cameras, a handheld pointer with led lights, a pc with proprietary software, and related accessories",9031,9015,False,9015 | 8471 | 9031,4.79
a miter saw stand,8466,8465,False,8465 | 8466 | 8202,45.56
a meal and play mat made of unsupported pvc plastic sheeting,3920,3921,False,3921 | 3926 | 3920,30.16
"printed circuit boards, a surface mounted connector, and a socket connector",8534,8536,False,8536 | 8534 | 8529,55.64
mens sleep joggers made from 60% cotton and 40% polyester,6103,6107,False,6107 | 6110 | 6111,55.15
"a 4-piece bath set consisting of a waffle weave shower curtain, shower liner, 12 double metal rollerball hooks, and a terry bath mat",3926,3924,False,3924 | 3922 | 7315,61.21
"an expedition kit that includes a hatchet, flashlight, folding saw, shovel, multi-tool, and a nylon pouch",8207,8202,False,8202 | 8205 | 9018,43.2
"3-nitrobenzaldehyde, 2-bromothioanisole, and 4,6-dichloro-2-methylbenzylamine",2912,2933,False,2933 | 2930 | 9020,29.56
a soft clip made of polycarbonate plastic that secures goggles to the wearer's face,9003,9004,False,9004 | 9003 | 3920,44.74
"a handy-plier versatool that functions as a hammer, pliers, wrench, pipe wrench, wire cutters, and nail puller, made of drop forged heavy gauge steel with red vinyl hand grips",8205,8203,False,8203 | 8205 | 8204,57.76
fluorene (cas no. 86-73-7),2902,2916,False,2916 | 3904 | 2915,11.42
"1,2-ethoxybenzene, a pharmaceutical intermediate and flavoring agent",2909,2930,False,2930 | 2914 | 2909,19.09
men's knit garments including a shirt and various pullovers made from cotton,6105,6110,False,6110 | 6105 | 6113,68.94
2-naphthylamine 1:5 disulphonic acid (cas # 117-62-4),2921,2915,False,2915 | 2916 | 2930,30.25
"a vertical cable system (vcs), extension, tensioner, and rope grab device",7312,7326,False,7326 | 7312 | 9018,8.28
meta-phenoxybenzyl alcohol and meta-phenoxybenzaldehyde,2916,2912,False,2912 | 2907 | 2906,27.22
computer controlled brake systems designed for locomotives and trains,8481,8412,False,8412 | 9024 | 8461,24.66
dry nonwoven wipes packaged in plastic containers from china,5603,3923,False,3923 | 5603 | 3926,44.4
"safety equipment including earphones, a panoramic facial protector, and a facial mask with filters",9025,9020,False,9020 | 3923 | 3924,36.97
a cylindrical-shaped electric heating device used in plastics manufacturing machinery,8419,8516,False,8516 | 3923 | 8480,29.66
"dimethylamine borane, cas 74-94-2",2929,3921,False,3921 | 2905 | 2911,3.6
a headphone pulse sensor with voice guidance and a digital fm radio,9029,8527,False,8527 | 9006 | 9029,52.92
a scaffolding jack,7308,8425,False,8425 | 7308 | 3926,48.87
a hydraulic motorcycle lift stand,8428,8425,False,8425 | 8412 | 8428,37.96
automotive loudspeakers imported from mexico,8483,8518,False,8518 | 9021 | 3920,44.75
a three needle recording g-meter used to register gravitational stress on an aircraft,9014,9029,False,9029 | 9018 | 3921,8.13
"a hex nut, bolt retainer, internal-external lock washer, and a pal locknut",7323,7318,False,7318 | 3926 | 7616,73.91
"a miter trimmer designed for trimming wood fibers, featuring a cast iron body, high carbon tool steel blades, and angle presets for cutting at 45 degrees and 90 degrees",8465,8205,False,8205 | 8467 | 7307,6.36
a toddler girls' jacket made of knit polyester coated with pvc,6113,3926,False,3926 | 6116 | 6114,32.75
"an extendable tree pruner designed to cut tree branches and limbs, consisting of a pruner/clipper head, a saw head, and an aluminum telescoping pole",8466,8201,False,8201 | 8466 | 8202,48.67
4-penten-1-al (cas # 2100-17-6),2912,2930,False,2930 | 2905 | 2909,8.93
deluxe solar blanket and emergency solar blanket,3926,6113,False,6113 | 8205 | 3920,17.1
a power juicer,8509,8504,False,8504 | 8413 | 8467,59.83
a video magnifier camera from china,8528,8525,False,8525 | 8528 | 8529,37.84
firefighting equipment including a mop-up kit and a collapsible back tank,8413,8481,False,8481 | 9027 | 3926,9.28
the housing of a warm air hand dryer made of non-alloyed gray cast iron covered with white porcelain enamel,8516,7323,False,7323 | 7321 | 8481,61.71
a hydrogenation degasser offgas eductor,8413,8481,False,8481 | 9023 | 3926,6.75
a bicycle toy figure that spins in the wind,9503,8512,False,8512 | 9015 | 3926,8.13
a metal container side striping system,8424,7312,False,7312 | 7317 | 3923,26.74
"condensers, outdoor components of a heat pump system, and a dehumidifier",8415,8479,False,8479 | 8415 | 8418,25.42
"a large oval glass wall mirror in a wooden frame designed for bathroom use, featuring a wooden shelf and two wooden drawers",7009,9403,False,9403 | 7009 | 8205,46.0
"liponate pc, a cosmetic ingredient with the inci name propylene glycol dicaprylate/dicaprate",2917,2915,False,2915 | 3923 | 3913,14.14
"heliogan, amberonne, and p-anisaldehyde",2932,2912,False,2912 | 2932 | 3926,65.73
"fasteners, specifically various types of lag screws, drive screws, drive hooks, and a pole plate with lag",7326,7323,False,7323 | 7318 | 7326,44.41
an emergency roof repair kit containing various tools and materials for roof repairs,9031,8205,False,8205 | 3921 | 8203,59.85
a dm 30 ii blasthole drill,8430,8431,False,8431 | 8466 | 8467,12.22
an electro-surgical instrument handle used in various surgical procedures,9018,9021,False,9021 | 9018 | 8204,39.66
"various threaded and non-threaded fasteners designed for permanent installation by having sheet metal partially crimped around them, including studs, threaded and non-threaded nuts, and pins",7323,7318,False,7318 | 7321 | 8207,49.44
an ultrafast gated intensified slow scan ccd camera designed for spectroscopic imaging and analysis,9027,9031,False,9031 | 9027 | 9018,15.55
motor vehicle turbo-charger hoses,8708,8414,False,8414 | 8501 | 3917,7.75
polyethylene silage bags,3917,3923,False,3923 | 3917 | 3920,62.57
"master box, smart box, and noflame plus heating unit",8423,9029,False,9029 | 9018 | 8516,16.11
"app compound c-128, a polymer blend used as a blending agent for asphalt",3901,3906,False,3906 | 3402 | 8205,11.61
hydraulic bushing and elastomeric bushing used in automotive suspension systems,2905,8487,False,8487 | 8481 | 8431,30.09
"engine parts including a piston, connecting rod, a pin, rings, and snap ring used in spark-ignition engines for passenger vehicles",8409,8412,False,8412 | 8409 | 8483,51.0
caprylic acid (cas # 124-07-2),2915,2917,False,2917 | 2916 | 2915,33.94
veterinary pacemakers,9021,9018,False,9018 | 3923 | 4009,33.18
a forklift assembled in china with a u.s. manufactured engine and various components,8430,8427,False,8427 | 3925 | 8481,51.34
three plastics coated textile upholstery fabrics from china,5903,3921,False,3921 | 3923 | 5903,76.15
"a tapeffiti design guide book that includes a spiral bound design guide, twelve rolls of fashion tape, and a manual tape cutting device",9503,8479,False,8479 | 3919 | 3926,44.05
two plastic lazy susan type organizers and a plastic 3-tier organizer from china,3924,3923,False,3923 | 3924 | 4202,16.52
starter motor parts including a pinion assembly and drive kits,8511,8483,False,8483 | 8501 | 8412,21.92
sodium xylene sulfonate (cas#1300-72-7) from turkey,2904,2915,False,2915 | 8415 | 2930,9.11
"a clear oven safe baking bag composed of 100% nylon, measuring 19 inches by 23.5 inches, marketed as a turkey-sized bag for cooking meats and poultry",3923,4202,False,4202 | 3923 | 3921,13.79
n10-trifluoroacetyl pteroic acid,2933,2916,False,2916 | 2930 | 2915,25.21
"a mini supply kit that includes a stapler, staples, paper punch, staple remover, scissors, pencil sharpener, and tape dispenser",8211,8472,False,8472 | 8467 | 3923,16.03
a coronary stent,9021,9018,False,9018 | 6110 | 3926,4.83
"a furnace used to centrally heat a home, which can be imported with or without an electric add-on option",8516,7326,False,7326 | 8516 | 8514,32.96
golf club sensors used in conjunction with a golf tracking system,8543,9029,False,9029 | 9031 | 7326,10.63
"a handy-plier versatool made of drop forged, heavy gauge steel with red vinyl hand grips, functioning as a hammer, pliers, wrench, pipe wrench, wire cutters, and nail puller",8205,8203,False,8203 | 8205 | 8204,55.19
metallized plastic garlands made of pvc,3921,3926,False,3926 | 3920 | 3916,26.87
an aperion intimus 4t summit wireless 5.1 home theater system and an hdmi digital wireless home theater one preamp transmitter,8518,8525,False,8525 | 8527 | 8516,48.34
an automatic flip-flop downstacker,8441,9032,False,9032 | 8481 | 8424,11.15
complete escalator handrails,8436,9020,False,9020 | 9022 | 9029,17.42
"a 4 piece sleepy time gift set for infants that includes a bodysuit, lap-shoulder tee, hat, and a door hanging pillow",6113,6111,False,6111 | 6113 | 8481,64.65
the ultraflex flooring system used in farrowing and nursery pens for sows and piglets,3925,7308,False,7308 | 9018 | 3918,15.49
a plastic mat designed to protect floors under personal exercise equipment,3926,3921,False,3921 | 3926 | 8536,10.18
a sonopet step torque wrench,8204,8466,False,8466 | 8204 | 7616,27.61
a women's knit cardigan and pull-on pants made of 95% cotton and 5% spandex,6105,6104,False,6104 | 6105 | 6110,56.81
6-o-acetylsucralose (cas # 105066-21-5),2933,2915,False,2915 | 2930 | 2912,18.43
"plastic utensils used in commercial food preparation, including shovels, hand scoops, trays, utility forks, fodder scoops, spatulas, stirrers, and round bowl scoops",3924,8215,False,8215 | 8207 | 3924,42.07
"rough forgings, semifinished products, and finished products made of alloy steel, specifically die keys used in forging hammers",8466,7307,False,7307 | 8205 | 8207,30.64
parts of folding knives,7318,8211,False,8211 | 8208 | 8441,68.6
an acrylic roller shade,3925,3906,False,3906 | 3925 | 3922,40.43
plastic canteens with nylon covers,3923,3926,False,3926 | 3923 | 3921,35.11
rf receiver components used in vehicle remote control central locking systems,8529,8526,False,8526 | 8481 | 8529,16.54
100% 4-phenylaminobenzenediazonium salt with 4-methylbenzenesulfonic acid-formaldehyde polymer used as a binder in a coating solution for pre-sensitized printing plates,3911,3909,False,3909 | 2930 | 3911,51.72
an electric generator used in an analytical x-ray diffraction system,8501,9022,False,9022 | 8501 | 8516,51.09
"a portable, hand-held electronic device designed to measure system vacuum levels and pressure pulsations in milking machinery",9026,9024,False,9024 | 9029 | 9027,12.48
"automatic teller machines (atms) that do not accept deposits but allow cash withdrawals, balance checks, and account transfers",8472,9031,False,9031 | 8481 | 8473,8.39
3-d peel & stick letters and numbers,3919,8442,False,8442 | 8205 | 3919,32.26
boy's knit nylon shorts that are not swimwear,6103,6112,False,6112 | 6103 | 6114,66.84
"a set of toys including a rolling rattle bear, a spinning paddle bunny, a rocking rattle bird, plastic wheels for toy vehicles, plastic animals and people, a weather vane, a net for a pool toy, screws, nuts, and an inflation needle",9503,3926,False,3926 | 9503 | 9015,14.38
polyisobutylene in clay form used for auto detailing,3902,8207,False,8207 | 8205 | 3920,9.8
copolymers of acrylonitrile-butadiene-styrene (abs) and blends of abs with methylstyrene-acrylonitrile-styrene,3913,3903,False,3903 | 3917 | 3916,68.99
rolling scissors,8205,8455,False,8455 | 8467 | 9022,39.48
"touch of france makeup, touch of france makeup tray, horror flesh makeup, gel blood makeup, and liquid latex",3506,3923,False,3923 | 3926 | 8476,7.96
a liberty cable set used to connect a vascular x-ray system,8544,9022,False,9022 | 9018 | 8481,52.75
junction box assemblies used to transfer electricity through solar panels,8544,8501,False,8501 | 7318 | 3920,8.81
clad steel line pipe,7304,7307,False,7307 | 7306 | 7304,15.51
6-benzylaminopurine technical (cas-1214-39-7),2933,2916,False,2916 | 2933 | 2924,15.13
"accu-edge disposable blade dispensers, blade holders, replacement blades, and scissors",8208,9018,False,9018 | 8211 | 8201,15.69
plastic strips and extrusions used to form doctor blades and paper machine cleaning elements,3926,3916,False,3916 | 8441 | 3926,49.99
"a fisherman's caddy kit that includes a plastic universal hip plate, three plastic adapters for fishing rod grips, a pair of needle nose pliers, and a hand towel",8207,8203,False,8203 | 3926 | 3924,36.56
"a 28-piece fastener tool kit including a glue gun, glue sticks, staple gun, various tools, and an assortment of fasteners packaged in a zippered vinyl case",4202,8211,False,8211 | 4202 | 3506,22.5
"girls sleepwear including a closely-fitted pullover tank top, loosely-fitted trousers, and loosely-fitted shorts",6110,6108,False,6108 | 6110 | 3926,27.56
"a glass cutting board, 4 glass coasters, and 4 stainless steel cheese spreader knives",8215,8211,False,8211 | 8215 | 7321,43.49
square steel perforated holes post,7326,8205,False,8205 | 7306 | 7409,19.69
"housed linear ball bearings, housings, and shaft supports for linear ball bearings from japan",8483,8482,False,8482 | 8483 | 6307,66.82
"a set of hand tools for splicing, threading, crimping, and working with coaxial cables",8203,8205,False,8205 | 8536 | 8207,33.68
a left hand exhaust manifold assembly and a can pipe for a catalytic converter,8409,7307,False,7307 | 8481 | 8409,19.64
a spring-operated motor used in chart recorders,8412,8501,False,8501 | 8481 | 7320,37.69
a usb digital bible keychain,8523,8205,False,8205 | 8471 | 3926,21.93
girls and women's wearing apparel including shorts and capri pants made of synthetic fibers,6110,6104,False,6104 | 6103 | 6108,41.86
"a pool party pack containing plastic diving rings, plastic squirtees shaped like sea creatures, water bombs, pearl divers shaped like clams, and swim goggles, all packaged in a man-made fiber sports bag",9031,3923,False,3923 | 9004 | 3926,37.66
a blow molded plastic container designed to hold grease for a battery-powered lubricating pump,3923,8413,False,8413 | 3923 | 3402,25.47
a boys' shirt and pants set made of 100% cotton knit fabric with a pumpkin motif,6104,6103,False,6103 | 6113 | 8413,50.54
5-chloro-2-nitrobenzotrifluoride (cas # 118-83-2),2904,2916,False,2916 | 2903 | 2921,14.07
"a fiberglass-reinforced plastic walk-in tub with a large walk-in door, deep soaking dimensions, a built-in chair-height seat, and a textured floor",3922,9401,False,9401 | 3925 | 3926,17.54
a hot water dispenser system that includes a storage tank and a valve assembly,8516,8481,False,8481 | 8516 | 8471,70.73
aluminum shower door components,7615,3925,False,3925 | 3922 | 7616,18.53
guide wheels and components for trolley assemblies used in logging machinery,8482,7318,False,7318 | 8483 | 8482,31.64
"two thermoplastic resins, hikotack c-120 and sukorez su",3911,3909,False,3909 | 3907 | 3926,28.54
coil tubing reels,7326,3917,False,3917 | 9018 | 8509,24.54
"an electric coffee grinder, an espresso/cappuccino coffee maker, and a frothing pitcher",8509,8516,False,8516 | 7323 | 8509,66.99
surestore produce bins and surestore berrybins,3923,9006,False,9006 | 3926 | 2916,4.97
camlock fittings and rubber sheets from china,3926,3920,False,3920 | 7412 | 7307,28.51
"an underwear set for girls consisting of a pair of cotton panties, a cotton pullover, and a zippered vinyl carrying case",6114,6108,False,6108 | 4202 | 3926,19.41
aluminum silicon polymer thermal spray powder,3907,7606,False,7606 | 8424 | 3911,40.37
"five upper body garments including a girl's fleece top, a women's blouse, and oversized women's cardigans",6106,6110,False,6110 | 6106 | 6105,19.86
furfural (cas 98-01-1) from china,2932,3507,False,3507 | 2906 | 3926,12.66
"a tool set that includes slip-joint pliers, a mini-flashlight, precision screwdrivers, and a blow-molded case",8211,8207,False,8207 | 8211 | 8206,40.2
"a personal hygiene appliance that is installed on a toilet, similar to a bidet, which sprays water and blows air, with models that include heating elements for water and air",8516,8481,False,8481 | 3922 | 9018,17.72
polyvinyl alcohol sheets and blocks from japan,3921,3905,False,3905 | 3920 | 3926,40.15
"bulk dressings made of polyurethane plastics sheeting, measuring 10 cm square with a thickness of 0.6 mm, backed with release paper, and intended for individual wrapping and sterilization",3919,3921,False,3921 | 3920 | 3926,40.18
silicone and acrylic sealants from mexico,3214,3926,False,3926 | 3920 | 3910,28.92
an automotive part identified as the otr right hand front door panel (part # mr392622),8708,8501,False,8501 | 8708 | 3925,7.13
wood/plastic composites used for construction and fencing applications,3926,3922,False,3922 | 3921 | 7326,49.73
"a woman's knit garment constructed from 70% acrylic, 30% wool, featuring a shirt-type collar, long sleeves with buttoned cuffs, and a full front opening with an eight-button closure",6110,6102,False,6102 | 6110 | 6106,39.05
"viton cord measuring approximately 3.7 mm in diameter, imported in material lengths",3916,7318,False,7318 | 3920 | 3921,19.44
"drill bit sets suitable for wood, plastic, and metal",8207,8466,False,8466 | 8467 | 8207,23.85
a wood post bracket and corresponding locknut,7318,8205,False,8205 | 7318 | 8536,33.61
cement plugs used in oil and gas well casing and cementing,4016,7326,False,7326 | 8481 | 7304,11.97
"powdered chemical preparations intended as additives in skin care products, color cosmetics, bath and shower products, antiperspirants, and deodorants",3402,3507,False,3507 | 3923 | 8413,11.83
"storage hooks, magnetic catches, lag shields, wall anchors, and l-hooks",7321,7318,False,7318 | 8505 | 7323,35.26
five adhesive tapes (duct tapes) from indonesia,3921,3926,False,3926 | 3506 | 8483,33.22
men's knit underwear from israel,6107,6113,False,6113 | 6114 | 6110,17.22
a remote sensor drive assembly,8487,9026,False,9026 | 8428 | 8501,11.21
s-3-(2-hydroxy)ethoxy-4-trityloxybutan-1-ol,2930,2914,False,2914 | 2905 | 2909,29.72
"pantrofina olv, a chemical intermediate used in cosmetics that is 99% squalene",2901,2906,False,2906 | 2916 | 3923,10.29
a pez dispenser,3923,8481,False,8481 | 3923 | 3916,44.61
a wireless weather station,9025,9015,False,9015 | 9025 | 8517,51.94
"a sleeveless leotard with an attached mini-dress, a pair of knit pull-on pants, and a hat designed for dance recitals",6114,3926,False,3926 | 6104 | 6103,10.59
an automatic hog stomach splitting and cleaning machine,8438,8424,False,8424 | 8451 | 8211,10.25
a 99 piece emergency roadside kit,3925,3506,False,3506 | 8211 | 8205,19.28
a silicone handguard designed to allow users to touch doorknobs and elevator buttons without direct contact,3926,8205,False,8205 | 8428 | 3910,12.66
a hydronic heating system and air heating system from poland,7326,8516,False,8516 | 8537 | 8481,15.14
hyperseal v tape,3921,3919,False,3919 | 3920 | 3923,47.05
a fold-a-way pet pen with shade cover made of steel wire and a polyester textile cover,7323,3925,False,3925 | 4202 | 6110,20.89
wind turbine generators and related structures installed on the u.s. outer continental shelf,8511,7308,False,7308 | 8511 | 6110,10.37
"stainless steel tubes used in the oil, gas, pharmaceutical, food, and beverage industries",7304,7306,False,7306 | 7304 | 8481,17.49
hexafluoroisopropyl allyl ether,2909,2903,False,2903 | 2909 | 2915,34.53
tungsten carbide tool blanks used for manufacturing drill bits and router bits,8209,8207,False,8207 | 8209 | 8467,51.95
components of conveyor belt cutters,8466,8203,False,8203 | 4010 | 8482,30.95
inflatable/refillable pneumatic wheel assemblies used on fertilizer spreaders,8432,8215,False,8215 | 8412 | 3926,6.11
"hydroxyurea, levobunolol hydrochloride, loratadine, medroxyprogesterone acetate, and metoprolol succinate",2933,2922,False,2922 | 2915 | 3907,13.01
"beer coolers designed for household use, including a base unit cooler with a prefabricated hole for a beer tap and a compact keg cooler with a tap kit installed",8418,8481,False,8481 | 8207 | 4202,11.99
"a jointing compound hardener containing diphenylmethane-4,4'-diisocyanate",3907,3909,False,3909 | 2933 | 3926,34.16
a shim for a mechanical valve lifter (tappet) used in an automobile engine,8409,8481,False,8481 | 8479 | 8409,65.71
an electro-spindle designed for cnc multi-axis stone milling and processing machines,8466,8479,False,8479 | 8465 | 8461,23.56
"(1r, 2s) n-boc-1-amino-2-vinyl-cyclopropane carboxylic acid, cas # 159622-10-3, imported in bulk form, from italy",2924,2933,False,2933 | 2916 | 2918,15.88
an aluminum water inlet for use on automotive engines,8481,8409,False,8409 | 7606 | 8481,28.8
"cap guard chain link posts used to support, frame, and hold chain link fabric in fencing systems",7306,7315,False,7315 | 7326 | 6307,55.4
cast steel housing and cover for liquid supply meter,9028,8504,False,8504 | 8481 | 9028,12.27
"photo radar equipment consisting of a radar unit, control unit, photographic camera, flash unit, memory card, and tripod used for recording traffic violations",8529,9031,False,9031 | 9006 | 9015,20.96
"a polyethylene film product consisting of a low density polyethylene laminate between two clear cross laminated airy fabric layers, used as a disposable protective floor covering",3920,3921,False,3921 | 3918 | 3920,18.9
"various chimney system parts including an elbow, a chimney pipe section, a chimney cap, a storm collar, and flashing",7307,3917,False,3917 | 7307 | 3926,4.1
a ladies camisole-styled undergarment with removable adjustable garters made of nylon and elastane,6212,6108,False,6108 | 6114 | 6110,33.8
"amino acids derived from non-gmo soybean meal, intended for use in crop fertilizers and soil amendments",3507,3913,False,3913 | 2917 | 3907,4.18
"textile spinning machine components, specifically boron treated rotors, a plastic cylinder, and a reflector ring",8448,8445,False,8445 | 8412 | 3926,25.62
l-lysine hcl (cas# 657-27-2) from china,2922,2932,False,2932 | 2825 | 2933,23.2
"straight lengths of steel pipe, tapered pipe (reducers), and pipe fittings (bends) known as twin pipes, consisting of an inner layer of carbon steel and an outer layer of alloy steel, used in various industrial applications including mobile concrete pumps",7304,7307,False,7307 | 7304 | 7306,57.2
safety heads from mexico and rupture disks from ireland,8483,3507,False,3507 | 8517 | 3926,15.9
girls underwear tank styled undershirt and panty made of knitted cotton fabric,6114,6109,False,6109 | 6114 | 6108,65.08
tweezers used in the production of hard disk drives,3926,8203,False,8203 | 8471 | 8501,53.08
"a backpack containing various school and office supplies including a calculator, scissors, pens, pencils, a utility knife, a ruler, staples, a stapler, tape, a staple remover, push pins, paper clips, and a pencil sharpener",4202,3923,False,3923 | 3506 | 7321,14.61
a 3d starter pack kit for a 3d or 3d ready dlp television,9013,8529,False,8529 | 8528 | 8516,36.93
an electronic fuel injector used in motor vehicle type internal combustion engines,8481,8413,False,8413 | 9026 | 8511,36.49
"drill pipe, drill collars, square kellys, and drill-stem subs from the russian federation",7304,8431,False,8431 | 8467 | 8466,34.47
grilling kits containing various grilling tools,8215,8207,False,8207 | 7321 | 8481,25.54
infant phototherapy lights designed for therapeutic use in incubators and open care warmers,9018,6111,False,6111 | 8543 | 9018,16.78
"a mini tower case for a computer and its components, including metal brackets, plastic bezels, and screws",8473,7308,False,7308 | 7318 | 3926,6.97
n-boc-1-aminocyclopropanecarboxylic acid (cas # 88950-64-5),2924,2930,False,2930 | 2916 | 2915,24.68
self-adhesive vinyl sheets and strips designed for decorative covering and corner protection,3923,3919,False,3919 | 3926 | 3916,59.43
dental implant related items including a spherical bite block plate and surgical guides,9022,9018,False,9018 | 9021 | 8483,29.13
purge plug cans used in steel mills and foundries,8454,4016,False,4016 | 8455 | 8481,7.06
a toddler girls' cotton short set consisting of a knit top and woven shorts,6116,6106,False,6106 | 6114 | 6103,32.37
predator windshield mounting kit,3926,4008,False,4008 | 8302 | 3917,36.47
"electronic monitors used on stationary exercise equipment, specifically treadmills, that display speed, time, distance, caloric expenditure, and pulse",9506,9029,False,9029 | 9506 | 9018,55.14
electrical connectors and housings for strobe lamps,8516,8536,False,8536 | 8538 | 8483,48.32
"air handling units designed for cooling and heating spaces, featuring an insulated steel cabinet, an evaporator coil, and a fan",8415,8479,False,8479 | 8414 | 8415,22.3
an analog input module used with the jupiter ii control system,8538,8481,False,8481 | 8537 | 8538,16.66
an adult costume petticoat made of knit 100 percent polyester fabric,6108,6103,False,6103 | 6108 | 6212,32.31
polyvinyl chloride homopolymer (cas-9002-86-2) from columbia,3904,3907,False,3907 | 3904 | 3905,27.23
"an electric breast pump designed for use by nursing mothers, which includes two breast flanges, two collection bottles, built-in bottle holders, an ac adapter, and tubing, and features adjustable suction and speed settings",8413,3926,False,3926 | 8516 | 8413,10.37
"plastic shower and tub enclosures, whirlpool tubs, and shower panels",3922,9025,False,9025 | 3922 | 8451,49.19
"a women's knit undergarment skort that features a four-inch waistband, reaches to the thigh, has a change in knit pattern on the sides for better movement, and includes a permanently attached short-style underpant with a gusset and hemmed leg openings",6108,6104,False,6104 | 6108 | 6114,19.7
"2-phenoxyethanol, a chemical compound used as a solvent for cellulose acetate, dyes, inks, and resins",2909,3912,False,3912 | 3921 | 2915,14.28
a rubber bellows assembly used in washing machines,4009,8450,False,8450 | 7318 | 4016,49.93
a bushing used to support the crankshaft of a foot pedal in a pedal boat,8483,8409,False,8409 | 7318 | 8483,8.3
"benzyl chloride, benzyl propionate, and benzyl salicylate",2903,2906,False,2906 | 2915 | 2933,38.5
women's underpants and women's pullovers made of cotton and nylon,6113,6108,False,6108 | 6110 | 6104,63.4
"a drain plug gasket, part number 11126aa000, also known as a crush washer, used in internal combustion engines to maintain a seal around the oil plug",7326,8409,False,8409 | 8511 | 7318,29.45
wireless digital telecommunication base stations used in classroom communication systems,8517,9030,False,9030 | 8525 | 9015,9.62
"plastic slip-on couplings used for joining drain, waste, and vent piping materials",3917,7307,False,7307 | 3926 | 8481,35.41
a central processing unit used in a vehicle collision warning system,8512,8471,False,8471 | 9029 | 9015,17.29
"fabric cleaning cloth, vinyl carrying case, keychain/optical screwdriver, spray bottle lens cleaner, nylon eyeglass case, and liquid lens treatment",2912,8211,False,8211 | 8424 | 8205,25.27
diesel engine assembly used for the propulsion of vehicles,8408,8409,False,8409 | 8407 | 8412,36.14
"a child's spotted cow animal costume made of knitted pile and polyester, designed as a vest with an attached hood, ears, bells, and a tail",6111,6110,False,6110 | 3926 | 6114,38.29
men's knit garments including vests and cardigans made from cotton and linen,6111,6110,False,6110 | 6105 | 8481,78.3
a bubble solution concentrate used to refill bubble toys and machines,3402,3923,False,3923 | 9018 | 8479,18.44
"a union, screw, and bolt stud used in automobiles",7321,7318,False,7318 | 8413 | 7307,75.04
a large disaster survival kit,8529,8527,False,8527 | 3926 | 7318,8.05
cnc horizontal lathes from india,8458,8467,False,8467 | 8458 | 8466,30.76
prenyl chloride (cas # 503-60-6),2903,3904,False,3904 | 2903 | 2915,8.58
girls coated swimsuits made from polyester and spandex with pvc foil coating,6113,6112,False,6112 | 3921 | 3926,48.78
essential oil diffusers,8516,8481,False,8481 | 7323 | 3921,6.18
"components of a plastic recycling system, including a dissolver, thermal decomposition vessel, and condenser",8419,3926,False,3926 | 8481 | 9027,16.86
plastic items for diagnostic tests from india,3926,3923,False,3923 | 9027 | 3926,10.56
a splined front idler assembly used on a shovel loader,8431,8201,False,8201 | 8205 | 8412,10.0
"a cribmaster hybrid accucab, a point-of-use device that combines scale-and-bin technology and radio frequency identification (rfid) technology for managing inventories",9403,8531,False,8531 | 8423 | 9027,5.63
three chemicals used in ink coatings from taiwan,2916,3907,False,3907 | 3926 | 3920,14.97
vinyl flappers,8481,3926,False,3926 | 3925 | 3904,34.03
"ladies' underwear made from cotton, polyester, and spandex",6108,6109,False,6109 | 6113 | 6112,18.62
a single-serve plastic coffee pod,3926,8516,False,8516 | 3926 | 3924,40.33
a hand tool used to insert screen mesh into metal or plastic frames to create screen windows or screen doors,8205,3925,False,3925 | 7308 | 8205,14.82
"hydraulic motors, specifically series 51 and series 90 motors from sauer sundstrand company",8412,8501,False,8501 | 8412 | 8413,43.37
steel stay rods/studs used in hydraulic fracturing pumps,7318,8413,False,8413 | 8483 | 7318,45.49
cyclohexanone (cas 108-94-1),2914,2905,False,2905 | 2902 | 2924,37.24
laser safety light - model number f-23,8512,9031,False,9031 | 8427 | 3507,39.76
a laundry detergent tap,8481,3402,False,3402 | 3906 | 8481,26.14
"steel racks, pallets, and molds used in the manufacture of concrete blocks",7326,8480,False,8480 | 8474 | 7318,69.23
"a device that measures the velocity of projectiles, designed for use by hunters, competitive shooters, the military, and police departments",9031,9029,False,9029 | 9031 | 9027,28.34
a perforated aluminum wall for a data rack cabinet,9403,7615,False,7615 | 8471 | 7606,12.16
led poultry lighting,8543,8414,False,8414 | 8536 | 8482,13.95
"polyamide 6,6 in various forms including flakes, contaminated flakes, ground chunk waste, polymer fines, and fused extrusion wastes",3915,3907,False,3907 | 3915 | 3917,6.94
"an optical led laser sensor module that operates on the principle of lidar, featuring 16 independent active elements and capable of detecting multiple objects within a field of view up to 475 feet",9015,9031,False,9031 | 9027 | 9015,8.9
"various articles of cutlery including single edge razor blades, double edge industrial knife blades, fixed blade craft knives, utility knives, and disposable safety razors",8205,8211,False,8211 | 8205 | 9018,55.09
"frac blender, yard spooler, coil tubing picker tractor, iron truck with crane, and coil tubing reel",8479,8509,False,8509 | 3917 | 8426,24.75
a control system for natural gas engines,8481,8412,False,8412 | 8481 | 8411,34.5
electric motor housings and covers from italy,8504,8501,False,8501 | 9027 | 8516,35.62
drill bits and a chuck used with a non-electric hand crank drill,8207,8466,False,8466 | 8207 | 8467,24.33
a double flanged wheel hub assembly with ball bearings and abs components without splining,8708,8482,False,8482 | 8483 | 3925,73.23
"air purifiers used in agricultural applications, specifically the kasco k80s-t5 and k80s-t5n models",9020,9018,False,9018 | 8436 | 8481,14.74
telescopic drive jacks,8425,9013,False,9013 | 8425 | 8501,19.44
"a toddler boys varsity style jacket made from a knit fabric with a polyester and rayon blend, featuring cellular plastic sleeves, a polyfill interior, and a polyester woven lining",6101,3926,False,3926 | 6101 | 6103,39.3
m-toluic acid (cas # 99-04-7),2916,2915,False,2915 | 2916 | 2917,25.96
"bicalutamide, linagliptin, and aripiprazole in bulk powder form",2930,2933,False,2933 | 2930 | 3923,43.83
di-trimethylolpropane (ditmp),2909,2905,False,2905 | 2916 | 2909,36.96
a stainless steel container designed for use with a commercial blender to blend milkshakes and other drinks,8438,8509,False,8509 | 3923 | 7308,32.82
ladies underwire bustier styled garment with matching thong styled panty,6212,6108,False,6108 | 6114 | 6212,35.48
"salbutamol sulfate (cas-51022-70-9), a beta-adrenergic bronchodilator drug used for the prevention and relief of bronchospasm",2922,3913,False,3913 | 8481 | 2921,13.59
metallized polypropylene film used for gift wrapping and laminating,3921,3920,False,3920 | 3921 | 6110,77.03
"a steel razor blade that is approximately 1 inch long, sharpened on one side, and will be inserted into a plastic casing to become a cutting knife for light cutting jobs",8211,8205,False,8205 | 8211 | 8203,33.41
"ethyl eugenol, an odoriferous compound used in research and development",2909,2933,False,2933 | 8412 | 8481,36.68
"thermal knit apparel and accessories made up of angora wool, primarily used to provide warmth",6110,6112,False,6112 | 7323 | 8481,12.67
injection molding machine components used in the production of contact lenses,8480,8477,False,8477 | 8480 | 9001,35.78
pontoon boat repair kits,8481,8483,False,8483 | 8205 | 3907,24.43
an 11-piece auto emergency tool kit,8211,8206,False,8206 | 8205 | 8211,26.72
"benzophenone-1, benzophenone-2, and benzophenone-3 used as uv absorbers for cosmetics",2917,2914,False,2914 | 3923 | 3921,69.29
a women's teddy bear label knit jacket made from 100% polyester,6102,6101,False,6101 | 6102 | 9503,37.92
a microtome/cryostat and a tissue processor,9027,9018,False,9018 | 8471 | 3926,18.84
a nylon nonwoven substrate coated with polyurethane plastics used as imitation leather in footwear,5603,3921,False,3921 | 5603 | 3926,60.86
"drive-away chassis assembly, engine assembly, transmission assembly, trimmed cabin assembly, and cargo assembly for a sport utility vehicle",8708,8716,False,8716 | 8481 | 8529,9.72
engine bearings used in internal combustion engines for motor vehicles,8483,8409,False,8409 | 8483 | 8511,46.42
"trimethylaluminum in octane, aluminum isopropoxide, arsenic trichloride, triethylarsine, and carbon tetrabromide, hexadecane",2912,2905,False,2905 | 2903 | 9027,48.74
water sampling bag kits designed to collect and preserve chlorinated water samples,3923,8481,False,8481 | 3923 | 4202,25.37
a screw removal kit that includes two double-ended bits for extracting damaged screws,8207,7318,False,7318 | 8207 | 8205,46.38
a shockproof mechanical base used to level or reduce vibration generated by heavy machinery,8487,8479,False,8479 | 9031 | 9018,11.45
"cut-off saws suitable for cutting metal, concrete, stone, and asphalt",8467,8203,False,8203 | 8461 | 8466,24.74
